video_id,topic,topic_label
00GYQONkvio,1,game / dad / friend
01XR3rDSi4k,-1,Outlier
02joq298HnE,-1,Outlier
05tG47pv1vM,4,relationship / love / friend
07PxZAgMNn8,6,gender / dude / emotion
0A5aCtFrfUI,19,hour / work / technology
0AmamFc_tBk,0,motivation / job / brain
0Cjph5CvErE,0,motivation / job / brain
0CjzCB9Nre4,21,shame / self / emotion
0cqp7ZuHZ5M,-1,Outlier
0dj-GwR5T88,-1,Outlier
0EE5g2ifdaM,1,game / dad / friend
0gmAjXuwD6w,0,motivation / job / brain
0gsqHbjS8Z4,0,motivation / job / brain
0GykDf4Ztvs,1,game / dad / friend
0hePvDEOZYs,2,game / dopamine / brain
0HICFV2K1HU,-1,Outlier
0ikpwCTemno,8,interaction / extrovert / introvert
0iO2ztxGVOI,5,adhd / brain / medication
0JqH1_l0b9M,0,motivation / job / brain
0j_z0xHF8DM,3,trauma / anger / emotion
0KyhPPPX7mU,13,comparison / insecurity / ego
0MvljHfZMoc,-1,Outlier
0N0LV0mqTYQ,0,motivation / job / brain
0N7xUuS0zTU,27,vision / contact / introvert
0nIQGUY5Piw,-1,Outlier
0phnFAMj0sY,5,adhd / brain / medication
0PMRov2dIQg,2,game / dopamine / brain
0PqqnUB_9RE,7,depression / therapist / therapy
0pw769yqM2M,-1,Outlier
0q1EiVDRLWQ,-1,Outlier
0Qscbw8Nn7A,3,trauma / anger / emotion
0rBs4olVM9k,-1,Outlier
0rMmHaLX6LU,-1,Outlier
0RqbsHlqrUg,-1,Outlier
0sppw7Zq35w,11,sleep / bed / caffeine
0T7XH2lb6sQ,-1,Outlier
0tMlQX1lpGo,-1,Outlier
0TnL_quZjQQ,-1,Outlier
0u7jC72QGno,-1,Outlier
0W92jf5K8Pw,1,game / dad / friend
0XaWLRaTtfM,0,motivation / job / brain
0ZhPLzyNz9c,1,game / dad / friend
10DwOnDPUwc,0,motivation / job / brain
126_DoZlP9Y,-1,Outlier
154UuRusL-8,1,game / dad / friend
18sRBW-m7E4,4,relationship / love / friend
1955CTVDc_o,0,motivation / job / brain
1agKagI1dT8,1,game / dad / friend
1aogY1Tm2Lo,11,sleep / bed / caffeine
1AQ2bOV96Ds,3,trauma / anger / emotion
1BeRKy_qa7U,1,game / dad / friend
1cBhBi4peGc,-1,Outlier
1c_bZAMJEoo,12,meditation / technique / practice
1CDBYz5BDEI,-1,Outlier
1DGHbc_PQTY,-1,Outlier
1e2h-awLC-s,0,motivation / job / brain
1EV3K6wJUQk,7,depression / therapist / therapy
1gz4duPT5CY,1,game / dad / friend
1iGaFfnazHI,2,game / dopamine / brain
1i_QelwRJOQ,0,motivation / job / brain
1IT49BGU0Gg,27,vision / contact / introvert
1iUDYR8OyXU,6,gender / dude / emotion
1-iV9HhFzpA,0,motivation / job / brain
1kfML4drTLg,20,sex / asexuality / penis
1lqwpTRT0-I,-1,Outlier
1mBNn49HU98,-1,Outlier
1nRPRFdXVsI,10,addiction / substance / cannabis
1onkZGsknsk,5,adhd / brain / medication
1OtC6g_tyuI,8,interaction / extrovert / introvert
1qEhd-QIxVA,-1,Outlier
1qPgmi0Fj2w,-1,Outlier
1QyZc7Rs3c4,0,motivation / job / brain
1Rg3Ex3RshI,-1,Outlier
1s8PHo7SpNg,0,motivation / job / brain
1uOWaU_5o9E,0,motivation / job / brain
1W7oUZ8EVbI,12,meditation / technique / practice
1WxzEK4fIG4,-1,Outlier
1XqArmFLd6g,2,game / dopamine / brain
1xrKMSySQOQ,7,depression / therapist / therapy
1YadWXms4Pk,9,parent / boundary / kid
1z8yaQVBGfA,3,trauma / anger / emotion
1zBRm4HvuSA,-1,Outlier
21vWvr6Ypfk,-1,Outlier
21WNv6F7ZO4,-1,Outlier
24fDz5XWvrY,0,motivation / job / brain
24H6FcXTiWY,-1,Outlier
25fgYtVSZ9Y,-1,Outlier
26ZGk1ihajc,0,motivation / job / brain
28M9LQakitM,-1,Outlier
29cseVKT_U0,-1,Outlier
2AagWXtg4gY,5,adhd / brain / medication
2AePwws9EGw,-1,Outlier
2AmIjHhrX8w,17,flag / relationship / partner
2bceWtli4o0,-1,Outlier
2bEuPAFDHn4,-1,Outlier
2bTjr2Fk99A,-1,Outlier
2cmNy-5Ahjc,-1,Outlier
2cocDtxotBE,1,game / dad / friend
2D4Hcw0eX-g,11,sleep / bed / caffeine
2dtcM8Si_bo,26,loneliness / arousal / being
2FZ2AGo6Kec,-1,Outlier
2G7jSglqkSc,-1,Outlier
2Gw6gLBPvA8,-1,Outlier
2H0B9cj3CI0,12,meditation / technique / practice
2HI61Tvwf2M,-1,Outlier
2hIhFlNMFxY,11,sleep / bed / caffeine
2K5C4tyMWBo,22,psychosis / chatbot / risk
2ndADYA8Npk,-1,Outlier
2--Nhxasrew,19,hour / work / technology
2nJDlm2Uz_Y,-1,Outlier
2ogkuhSNh1A,0,motivation / job / brain
2oMJdbqF5dY,1,game / dad / friend
2Os_LHr69kI,1,game / dad / friend
2P9b45rH968,3,trauma / anger / emotion
2pT7cuSpN1g,-1,Outlier
2qGe9ctFP1o,8,interaction / extrovert / introvert
2qURBcYOSw8,0,motivation / job / brain
2T15crw8hU0,-1,Outlier
2TGQaXafQVw,-1,Outlier
2tGZA-F1_n0,-1,Outlier
2tIiB5Mx-uI,-1,Outlier
2TiROf0m870,-1,Outlier
2TqeZ8CJ6tw,0,motivation / job / brain
2uDUNSdAdb8,4,relationship / love / friend
2unELGOein8,6,gender / dude / emotion
2VLfmT5J3Yc,1,game / dad / friend
2wR8fWddfuk,-1,Outlier
2XkDr9tZ0RY,-1,Outlier
_2xXQOs6pEQ,0,motivation / job / brain
2yQpzk_xhH0,1,game / dad / friend
2Z3RcXlNaMw,0,motivation / job / brain
2ZMj3XpeKGg,-1,Outlier
2zOe9Kd2n-w,-1,Outlier
3-1fQy_SZjw,14,burnout / employee / job
31lsU24vhE8,1,game / dad / friend
31NLE8h2t3U,-1,Outlier
33v_W8V2Pow,-1,Outlier
35BjK5JVpro,16,narcissist / parent / narcissism
36WUUwSo8N4,1,game / dad / friend
3BgdhHXJ-CU,7,depression / therapist / therapy
3D-YAjf19jQ,1,game / dad / friend
3EBIbec2UHA,-1,Outlier
3eHewXA7Ez0,9,parent / boundary / kid
3EN1UM0aYyA,-1,Outlier
3EVUSRTlHEE,-1,Outlier
3fhU8N99GHQ,10,addiction / substance / cannabis
3hZjy_6qCbA,20,sex / asexuality / penis
3IAQoduxAxM,14,burnout / employee / job
3iM3hbKvKLU,22,psychosis / chatbot / risk
3j6fD6CaOd4,-1,Outlier
3jUJYPGaK8M,3,trauma / anger / emotion
3jXgdKDOfuU,0,motivation / job / brain
_3KvgT4z6y0,2,game / dopamine / brain
3l2eKL3MVBE,5,adhd / brain / medication
3-LRU-lsayw,-1,Outlier
3MX_omZ70HA,18,anxiety / panic / attack
3nWpNBBkyu0,0,motivation / job / brain
3PU0S-VyLWo,-1,Outlier
-3qs1YKMKNg,-1,Outlier
3QWIxElEnc8,0,motivation / job / brain
3SSNhafDTwU,3,trauma / anger / emotion
3Tfs3NLZEa4,-1,Outlier
3The1PBDRoc,7,depression / therapist / therapy
3usPQrX_k6A,16,narcissist / parent / narcissism
3uXkIGKwhao,11,sleep / bed / caffeine
3V8VJxYHlRA,13,comparison / insecurity / ego
3vEus7s60Gs,2,game / dopamine / brain
3VsxjbpMTao,4,relationship / love / friend
3w08phOWRj4,-1,Outlier
3W5yfis3KTY,3,trauma / anger / emotion
3wqOyE7jxeo,5,adhd / brain / medication
3X30suG6igk,-1,Outlier
3XxVGrQb0fw,13,comparison / insecurity / ego
3y4Xy0Gk1uA,10,addiction / substance / cannabis
3y5p7V05xls,0,motivation / job / brain
3yHeJ69AxQ0,-1,Outlier
3ZeQJeTpVMI,-1,Outlier
41YbGBZkaDk,2,game / dopamine / brain
430UIt6mLW4,0,motivation / job / brain
43gyezZiarQ,12,meditation / technique / practice
44HVIiR4oO4,3,trauma / anger / emotion
-4-5LEn9M84,-1,Outlier
45pybsbsvLQ,0,motivation / job / brain
46ULM7NLhsc,24,generation / formula / despair
498-bf2BhgQ,2,game / dopamine / brain
4ctkBMCGCyo,5,adhd / brain / medication
4d31jOrnzmE,2,game / dopamine / brain
4DAwAHnl8tY,1,game / dad / friend
4DNOc2dP_X4,4,relationship / love / friend
-4E8qm3bVek,26,loneliness / arousal / being
4fH3C2UNMnc,-1,Outlier
4FNDWA_YfwI,-1,Outlier
4GPE1rIVAqY,9,parent / boundary / kid
4i2j8x3SCMY,21,shame / self / emotion
4JGfJTjPGhM,-1,Outlier
4jHEXJR8Z-g,6,gender / dude / emotion
4Jvq0UUtqgE,5,adhd / brain / medication
4KNE2zOVE0Y,24,generation / formula / despair
4l5w1BCfVFE,6,gender / dude / emotion
4LIf6aVALm0,4,relationship / love / friend
4LiTscihbuo,20,sex / asexuality / penis
4L-tyBEdtUM,7,depression / therapist / therapy
4nd1CDZP21s,9,parent / boundary / kid
4OWlQl_yS4Y,1,game / dad / friend
4PTl27tTmfY,5,adhd / brain / medication
4qn7ep6ZpRY,-1,Outlier
4rhStjG0XVY,9,parent / boundary / kid
4SJci-UBY9Y,-1,Outlier
4STxr-mUxT0,-1,Outlier
4uS-H6x6aqk,-1,Outlier
4uzi0rkHCpI,-1,Outlier
4wVGKfTI1zE,12,meditation / technique / practice
4z6hCJVTwcI,-1,Outlier
505kOstzPoE,0,motivation / job / brain
58DxcOs-A0w,4,relationship / love / friend
58kdlgKvEU0,-1,Outlier
5AB2l8Cehwk,24,generation / formula / despair
5baemtRPzEU,3,trauma / anger / emotion
5bhzvhOyGy0,8,interaction / extrovert / introvert
5BIuINM96Q8,-1,Outlier
5cM6dwkIrFA,2,game / dopamine / brain
5dJLphFSUDk,20,sex / asexuality / penis
-5eliLFIKhw,0,motivation / job / brain
5exo1XA6QEg,10,addiction / substance / cannabis
_5hcxlzxjY4,-1,Outlier
5iYOdgYDtSw,-1,Outlier
5kLqdD8PmSc,-1,Outlier
5mcOOAkp_x8,0,motivation / job / brain
5mxu_A-BuqM,17,flag / relationship / partner
5n6lDNacfk0,1,game / dad / friend
5nKRuE_MOrQ,-1,Outlier
5OLtM0v-k2E,-1,Outlier
5oSTqjidL4s,1,game / dad / friend
5P3zVXWT1W8,0,motivation / job / brain
5PZMwpbaJ4g,-1,Outlier
5QdPcuH3FjA,-1,Outlier
5QMy2YXWxHU,-1,Outlier
5qNEAgcCT7w,1,game / dad / friend
5QwoCa6Ssxk,14,burnout / employee / job
5R2w5f5BLIg,-1,Outlier
5rEYnz7wIOs,0,motivation / job / brain
5tqgjeeVmnw,10,addiction / substance / cannabis
5uMW21UfOSg,-1,Outlier
5UrVkZXVHcQ,0,motivation / job / brain
5U-U8I_Rfhw,-1,Outlier
5z5KT5pRmUI,-1,Outlier
60Eb_t_ME8Q,-1,Outlier
62QNG2YJajQ,4,relationship / love / friend
640vIyvvxOY,9,parent / boundary / kid
6536kS7205A,-1,Outlier
67WSktDKn40,9,parent / boundary / kid
693UD3V1KSU,-1,Outlier
6ANbVHDae2w,-1,Outlier
6b9qmv4uhcQ,-1,Outlier
6BnYSql0a34,8,interaction / extrovert / introvert
6CWq8wyS90o,2,game / dopamine / brain
6eeKK2D7Xs0,-1,Outlier
6godSEVvcmU,22,psychosis / chatbot / risk
6GyXBKlHu0g,-1,Outlier
6H0OkGbjubo,-1,Outlier
6H6-Pwny--4,-1,Outlier
6JjRS4rz7A8,-1,Outlier
6KGYCU_INVI,26,loneliness / arousal / being
6kJzzo7deDY,3,trauma / anger / emotion
6kXLz2DXx7Y,-1,Outlier
6L4-BWP2f-s,6,gender / dude / emotion
6LPox8Mma6g,10,addiction / substance / cannabis
6lzS_om3nU4,27,vision / contact / introvert
6mGpmsZepvM,8,interaction / extrovert / introvert
6P1hn2iTLVQ,2,game / dopamine / brain
-6SNLtm3Iis,17,flag / relationship / partner
6t3sXBz2RY4,0,motivation / job / brain
6TS4d-zqRFA,3,trauma / anger / emotion
6u0azgiH4dI,4,relationship / love / friend
6Ux2U-AJp3E,-1,Outlier
6vcWwuKWvIU,7,depression / therapist / therapy
-6w2dZfqKBw,-1,Outlier
6Y_z2JtPl6M,-1,Outlier
6zzqQput4CE,3,trauma / anger / emotion
70669ZJdmWg,3,trauma / anger / emotion
70sUgz0IqiY,9,parent / boundary / kid
71wM2TgL6J8,9,parent / boundary / kid
720DQBVYegY,1,game / dad / friend
79Ulkp6V-Tg,16,narcissist / parent / narcissism
79x8m8ck5mY,1,game / dad / friend
7A6LOgqtHC8,-1,Outlier
7AywxObPgeM,-1,Outlier
7CceEyd6AwY,1,game / dad / friend
7DX9-iW8kJ0,6,gender / dude / emotion
7E7foGMgW14,-1,Outlier
7EhM8uwoYo4,-1,Outlier
7eMQ1AGlA1E,13,comparison / insecurity / ego
7Epg7jynWa0,16,narcissist / parent / narcissism
7-ex2qeAkdc,-1,Outlier
7fofx_vVHvU,9,parent / boundary / kid
7hI8uA3sC4o,-1,Outlier
7hj1gnmm1s8,10,addiction / substance / cannabis
7hsD1mWp8pE,23,kid / intelligence / intellect
7iD6L-4glww,-1,Outlier
7_IkudJVoU4,10,addiction / substance / cannabis
7jDPsBh2AyQ,1,game / dad / friend
7khssDVKKXc,-1,Outlier
7lmmDqW0xfs,-1,Outlier
7P29lfYJLw0,-1,Outlier
7_Q2xfoSiuw,0,motivation / job / brain
7rdcIqCSQuk,6,gender / dude / emotion
7SFhQBxdznQ,0,motivation / job / brain
7_T_igJe7EA,14,burnout / employee / job
7UikFbVuS5c,-1,Outlier
7VaHh9EUcfE,1,game / dad / friend
7VfSCQnGfk4,-1,Outlier
7wEJ5QFT4b8,4,relationship / love / friend
7w-fahak9bg,4,relationship / love / friend
7XPngxfKM9Y,-1,Outlier
7xXARKA3O_Q,-1,Outlier
7yiBQ7yD-G0,11,sleep / bed / caffeine
7ZkptkAW_JM,16,narcissist / parent / narcissism
7z-OAmqE_Vw,-1,Outlier
84Vql_LcyPc,9,parent / boundary / kid
86JoC1PTmnE,1,game / dad / friend
86sYinrLuPA,12,meditation / technique / practice
887f47tPyck,0,motivation / job / brain
89YLDv7Rkpk,15,pornography / porn / addiction
8A0qE24aiEM,-1,Outlier
8AGAUNmym_M,-1,Outlier
8aj241Pf8vQ,19,hour / work / technology
8bAEuX2w2Ow,1,game / dad / friend
8biBQ18wApY,-1,Outlier
8CRBecuDPrY,0,motivation / job / brain
8D5dBZ3WD_A,-1,Outlier
8dRZk74OyMk,-1,Outlier
8ehP6ZcvhFg,7,depression / therapist / therapy
8gKBwOLGDBc,11,sleep / bed / caffeine
8H-mJlp16jc,24,generation / formula / despair
8-ism9vC-a4,-1,Outlier
8Jdci1z0DJU,14,burnout / employee / job
8juXAIjmBPc,1,game / dad / friend
8KaDTH0kWNo,2,game / dopamine / brain
8m16IoLr-GM,3,trauma / anger / emotion
-8Mlgw2K6eM,-1,Outlier
8pQBdZ3RdfA,-1,Outlier
8PYhEWK2wVA,0,motivation / job / brain
8pyPnIhAHhI,2,game / dopamine / brain
8s5KEE9-JVs,11,sleep / bed / caffeine
8TkbP4XfggM,3,trauma / anger / emotion
8TL-K-dc4n4,-1,Outlier
8uT05YjbEoY,4,relationship / love / friend
8uypYN3K-3s,26,loneliness / arousal / being
8uZ9ZsPNkcg,2,game / dopamine / brain
8vbe5ph3uCw,5,adhd / brain / medication
8vbGBJGZg1s,1,game / dad / friend
8vRf40bqXAU,10,addiction / substance / cannabis
8XFdaOnx-Gs,-1,Outlier
8xjGLBHAF28,-1,Outlier
90adCirK5Sw,-1,Outlier
90tZ7An9DLM,-1,Outlier
932eSyHbUgw,-1,Outlier
93sckutXQjk,-1,Outlier
96JkqXKwDeo,2,game / dopamine / brain
98ZD65io6aY,0,motivation / job / brain
99lcFWxQjSs,4,relationship / love / friend
9a7xpCAiYcQ,11,sleep / bed / caffeine
9bkDU2juYU8,0,motivation / job / brain
9DuW7NlMqxo,3,trauma / anger / emotion
9EczG_jGhGA,27,vision / contact / introvert
9G3W_Fz8kXg,-1,Outlier
9hjtQwj4qqI,-1,Outlier
9ILKZIMfx44,6,gender / dude / emotion
9J79-kVq5sg,0,motivation / job / brain
9jB8PXg6zJw,11,sleep / bed / caffeine
9kJu2P51TF0,-1,Outlier
9mDK9dquUHw,-1,Outlier
9nvwdA3UZZ8,0,motivation / job / brain
9rtwTzgoD_0,1,game / dad / friend
9TWCL0oJF0k,-1,Outlier
9UKl9WOihBE,-1,Outlier
9wNKuMyNafA,-1,Outlier
9XVXD7Ar8Z4,3,trauma / anger / emotion
9ZVFhGgIomM,1,game / dad / friend
a1GD2SJDT-o,20,sex / asexuality / penis
A2LTyNuxAAY,-1,Outlier
a3IIYz-UlK0,-1,Outlier
a4RhjdEiisc,-1,Outlier
a9fU3t1py2o,-1,Outlier
AbwRty416Q8,-1,Outlier
AC3AmMIlNbw,7,depression / therapist / therapy
ACI7xDjajPg,4,relationship / love / friend
ACrofIeRN7Q,-1,Outlier
aEGukyCsHMg,3,trauma / anger / emotion
AEYSSpEUSjY,6,gender / dude / emotion
Af8UZZldDkw,-1,Outlier
AFceCu-cXEc,-1,Outlier
afmZNzN4PYk,-1,Outlier
AgABB2PmzkQ,-1,Outlier
aGFqdVqDhqo,0,motivation / job / brain
aGGlz1XDtH8,0,motivation / job / brain
agsEaSF4KaE,5,adhd / brain / medication
aGYtQAHl7FM,-1,Outlier
Ah5E-TyWYvU,3,trauma / anger / emotion
AHA59zM38pU,6,gender / dude / emotion
AHCCxQ-cnao,0,motivation / job / brain
AhXOE4ETKiY,4,relationship / love / friend
aIgHCOzx5kg,4,relationship / love / friend
Ail2JTYQBvg,2,game / dopamine / brain
a-IuiEmnML4,0,motivation / job / brain
AiXiyLJz8-U,0,motivation / job / brain
aJ61ddqfIuI,19,hour / work / technology
ajfePjghpA4,16,narcissist / parent / narcissism
aJzBiFpCZNY,-1,Outlier
aKHov_Nuhso,0,motivation / job / brain
aKpN9cs5KXc,3,trauma / anger / emotion
al8OrbSAO0s,-1,Outlier
ALa1Lm2hTo8,16,narcissist / parent / narcissism
AlctqZwHnxc,-1,Outlier
aLm8Z8udEvk,14,burnout / employee / job
ALQM0WKBxvY,0,motivation / job / brain
ALtk7CSfrvQ,12,meditation / technique / practice
Am_DDCzFmAM,2,game / dopamine / brain
AMfeduZI8DE,9,parent / boundary / kid
AMK1HZMdyiQ,6,gender / dude / emotion
Aml2WB3Nqk8,7,depression / therapist / therapy
AP_3nc8seEI,5,adhd / brain / medication
apCxknrc8VE,-1,Outlier
APmNktwCK_Q,-1,Outlier
APMt3dO96Js,0,motivation / job / brain
aR8GcGLWmDU,-1,Outlier
ARfW5Juhe_U,1,game / dad / friend
AS7wrOX9q4w,-1,Outlier
a_SSqyKksuo,0,motivation / job / brain
ASxINTi_jAg,0,motivation / job / brain
A-T2cCCIACk,7,depression / therapist / therapy
atlzcVoUCZo,17,flag / relationship / partner
AtsxpnXYbVc,20,sex / asexuality / penis
aujiheOjmmQ,23,kid / intelligence / intellect
auwsCdUDMwU,2,game / dopamine / brain
auY9uQTqeME,-1,Outlier
aVJfCgKugAI,-1,Outlier
AvNCvCKJRBg,1,game / dad / friend
AwDdyvHNiJs,6,gender / dude / emotion
AwKiOZwmNWo,11,sleep / bed / caffeine
aWz5n_cOqrs,-1,Outlier
axpYZJJ3MW0,1,game / dad / friend
-AXVveJYpVU,22,psychosis / chatbot / risk
Axwggf9mS9o,25,bully / aggression / bullying
AyiZ-_KyZyA,13,comparison / insecurity / ego
aZa6t4vlmMw,-1,Outlier
azz4dzlccbg,20,sex / asexuality / penis
B05belFSkTI,-1,Outlier
b1YRDGqp9kk,5,adhd / brain / medication
B_2pmMwX9lc,20,sex / asexuality / penis
b2RhXCugEW4,12,meditation / technique / practice
B3mAfQ32Njs,-1,Outlier
b4gNcjuu4LU,-1,Outlier
B6GZp-cVskw,-1,Outlier
-B6TXF_UJ9M,1,game / dad / friend
B7GOmgRXJOM,27,vision / contact / introvert
baUP0m6-pQk,4,relationship / love / friend
bavdneN9sKg,0,motivation / job / brain
bbpryagkiro,0,motivation / job / brain
bbQnnAbWBfE,-1,Outlier
bBtRDJD52pA,2,game / dopamine / brain
bbvz4j-oPrM,-1,Outlier
Bc_2P3AGkeI,-1,Outlier
Bca9jGaHmLA,1,game / dad / friend
Bcy2aA-Opbg,4,relationship / love / friend
bDhqTf5eJH4,7,depression / therapist / therapy
_BDRRsEyarQ,10,addiction / substance / cannabis
bDrXECEiJ00,-1,Outlier
bDvHCgw29NA,0,motivation / job / brain
Be7r-jaEYDo,0,motivation / job / brain
-BEdhS9-cno,0,motivation / job / brain
beLEmk_FIEM,6,gender / dude / emotion
BfThtZJPZ5Y,-1,Outlier
Bg5crCX_qr0,-1,Outlier
BGkQpmdqgPY,-1,Outlier
BgTLgmOMYx0,2,game / dopamine / brain
b_H0V1-kQbE,-1,Outlier
BHf0L8dZJbE,17,flag / relationship / partner
BhibOPEhwg8,13,comparison / insecurity / ego
BhiR_vZbRxk,-1,Outlier
bhlUCXoi_Ik,5,adhd / brain / medication
bHsPio5_PR4,0,motivation / job / brain
bHXa9vazbIc,8,interaction / extrovert / introvert
bIh1UkkxAQM,-1,Outlier
BIMYj2v1S_c,10,addiction / substance / cannabis
bIVrE2229WU,15,pornography / porn / addiction
bjoPlw4VLCU,6,gender / dude / emotion
bj_PSYBCUsM,5,adhd / brain / medication
bkQ7lE3cGwo,0,motivation / job / brain
bLbapI5t8no,-1,Outlier
BLNHI3XgJWM,2,game / dopamine / brain
bm03_vliJbU,22,psychosis / chatbot / risk
bMa9dAYdTE0,0,motivation / job / brain
bMOF0Go6brw,1,game / dad / friend
bmvBTDPzzaY,0,motivation / job / brain
bngPWkMf_xQ,1,game / dad / friend
Bnh3b9xj8ik,-1,Outlier
bniu1U6wvR8,12,meditation / technique / practice
BNmAqJnwoP0,4,relationship / love / friend
Bo6MZr6BtCY,-1,Outlier
BOAFLuwpGLk,0,motivation / job / brain
bObLBLB1OdY,-1,Outlier
boCT4IbZPpQ,-1,Outlier
bOolUj0K904,-1,Outlier
b-OsnGdLGwI,12,meditation / technique / practice
bOzs2Iel40s,28,food / weight / diet
BpiZSAjgGMc,-1,Outlier
BpKF-lCxBMQ,14,burnout / employee / job
bPmsfCZJpak,15,pornography / porn / addiction
BqR3YR13fqc,6,gender / dude / emotion
bqwVNmNqtXE,0,motivation / job / brain
braTlcWen0g,-1,Outlier
bRBd7wTjoJg,0,motivation / job / brain
bRN02ymah9E,7,depression / therapist / therapy
BrU85ut8_fs,-1,Outlier
BRvbh8xCi4w,-1,Outlier
brX8kKWDt5Y,-1,Outlier
bspDSXMfU1A,-1,Outlier
BSrVuZ99Tgw,-1,Outlier
BSrymhSn6I8,-1,Outlier
bs_Z7GRGeRw,-1,Outlier
BT4gsZBpL0E,2,game / dopamine / brain
bTCiBNjsawU,-1,Outlier
BtPeF2Vfj_0,0,motivation / job / brain
Bu8fxO-davw,-1,Outlier
Bus2ay2J3Wg,-1,Outlier
bUthNYRfBqU,-1,Outlier
BVh2Tf37i_w,-1,Outlier
bVuxSAYxCIE,-1,Outlier
bvVsnSku72s,-1,Outlier
bvyyd0bP9C8,7,depression / therapist / therapy
Bw3871NdUXg,11,sleep / bed / caffeine
bWGOe1IR2-4,12,meditation / technique / practice
bWUu7EB1AMw,-1,Outlier
Bx6ju1tEZ14,1,game / dad / friend
bXgB6-AxSZ0,-1,Outlier
BxU-MJxI3Hk,1,game / dad / friend
by3XapO8MBc,8,interaction / extrovert / introvert
ByQ6LCWJ5dk,6,gender / dude / emotion
bySteyZKwx0,-1,Outlier
BYVnZiL2ARo,14,burnout / employee / job
ByYUd6DESQk,-1,Outlier
bz7lSpNyyTc,9,parent / boundary / kid
bZLw4DGtTbA,-1,Outlier
BZPRX9X5V5I,-1,Outlier
BzsLbHoNXTs,22,psychosis / chatbot / risk
c22us13iigY,2,game / dopamine / brain
c4YifYKSBtY,-1,Outlier
C5qfKaVe89c,7,depression / therapist / therapy
c6mRqoL5bHY,1,game / dad / friend
c7FgphmzFRI,0,motivation / job / brain
C9NcbIjQTMU,3,trauma / anger / emotion
caGtn0aCZ5M,6,gender / dude / emotion
CAhhx_gG1UM,-1,Outlier
cakQlmA5acc,3,trauma / anger / emotion
Cb3BXbWKDv4,12,meditation / technique / practice
C-b8hYFAcAs,5,adhd / brain / medication
CbDzayqpP-A,21,shame / self / emotion
ccANklPhls0,-1,Outlier
CCi_7UM_Blo,1,game / dad / friend
cCu2VTKJwC8,-1,Outlier
Ccvi7MnQX58,-1,Outlier
cc_wtkNNPRg,3,trauma / anger / emotion
CCWZtrDR9iw,14,burnout / employee / job
CD9z7mc_JTU,5,adhd / brain / medication
CdFzkWvorwc,-1,Outlier
-CEaUaxQpEw,7,depression / therapist / therapy
Ceeb_fUNXZg,3,trauma / anger / emotion
cer73kLvBO4,24,generation / formula / despair
CerQFsM7fWs,3,trauma / anger / emotion
cfbPdL-YKQo,7,depression / therapist / therapy
CFnymGAQA0k,-1,Outlier
cfop1MEt6cg,2,game / dopamine / brain
CG_1RR_a8Cs,-1,Outlier
CGIEjak1xfs,-1,Outlier
CgIGel3zXEI,-1,Outlier
cHcx1IgoDjI,0,motivation / job / brain
cHFD2ycNsBs,13,comparison / insecurity / ego
ChlfclFYENk,3,trauma / anger / emotion
C_HMnZwijwU,20,sex / asexuality / penis
cHPgIpbnnBk,-1,Outlier
chuEIMgxnpg,1,game / dad / friend
CHzOedHm_kM,-1,Outlier
CijfKUEfOsg,7,depression / therapist / therapy
ckjoKSjQnnk,6,gender / dude / emotion
cklvQ_QX8y0,6,gender / dude / emotion
ckNUjZU1QF0,-1,Outlier
CKo5aB6i2x4,2,game / dopamine / brain
CKq66Y-nByA,2,game / dopamine / brain
cKrxP44Gp_0,-1,Outlier
CL1jF5kTELU,1,game / dad / friend
ClzxFgC3XRg,2,game / dopamine / brain
CNmIsWIavvY,0,motivation / job / brain
Cn_n8GL3XeM,-1,Outlier
CNRziReRiOY,-1,Outlier
cNyiAFxUiLk,23,kid / intelligence / intellect
co5Gv8HPzcM,1,game / dad / friend
COHThDr1uvg,21,shame / self / emotion
cojJ6fOwVKk,15,pornography / porn / addiction
COlSfNEsPZA,1,game / dad / friend
comR52XsK4E,-1,Outlier
CooJi1I6V1E,2,game / dopamine / brain
cOtxqjOqK2w,4,relationship / love / friend
-CpgRfXOZmc,0,motivation / job / brain
CpX36VRAvKw,0,motivation / job / brain
cQFEon5vdqM,3,trauma / anger / emotion
CQmaztM0RhY,0,motivation / job / brain
CrkSfIhvO5g,0,motivation / job / brain
cscVzF_n9R0,5,adhd / brain / medication
csPWWURmxLo,-1,Outlier
cTGEvqN6MMQ,0,motivation / job / brain
cuJW3jHNR_E,2,game / dopamine / brain
Cv3bj1M96fQ,7,depression / therapist / therapy
CVcx_MkJiBI,-1,Outlier
cvHhAz-vKsg,-1,Outlier
cvhZ5AGL-8w,0,motivation / job / brain
CvM9spJ8Fns,0,motivation / job / brain
cx0cp9sTWlQ,-1,Outlier
CxAAiGz_TlY,6,gender / dude / emotion
cxBn8aeeliI,-1,Outlier
CX_ov9N91Sg,-1,Outlier
cXw8cJolE5Y,13,comparison / insecurity / ego
cYb-Zq0fA48,0,motivation / job / brain
cyKEfejsVps,11,sleep / bed / caffeine
CYWM2ZY7E3s,-1,Outlier
cZ2yT8WASwQ,-1,Outlier
CZ9K8i9CEQo,3,trauma / anger / emotion
cZfeAYf2gjU,-1,Outlier
D-0wUYIyljs,0,motivation / job / brain
D_1eRqcJnes,2,game / dopamine / brain
D20qj7FIgDY,6,gender / dude / emotion
D262aNu813Y,5,adhd / brain / medication
d2awq1lMRN0,-1,Outlier
d2y2ZrLTDjk,2,game / dopamine / brain
d4pob_DtH9Q,0,motivation / job / brain
d6GZgu_TnGY,-1,Outlier
d6pF4vq9Y9c,23,kid / intelligence / intellect
d7BGKU7fYp4,4,relationship / love / friend
d7vw2zQ8-64,-1,Outlier
-D88j-dYiIY,4,relationship / love / friend
D8ft0PHdVlU,20,sex / asexuality / penis
d8stIyg-PhU,19,hour / work / technology
d9ILmB4ua9Y,4,relationship / love / friend
d9vSkgdNjA4,-1,Outlier
DA3mOTcFCIc,10,addiction / substance / cannabis
_da63CfQ5gQ,3,trauma / anger / emotion
dacFlsANHSo,9,parent / boundary / kid
dAOEZU077Wk,0,motivation / job / brain
dAoyyZLwQ8w,0,motivation / job / brain
DbNDbdBde9Y,0,motivation / job / brain
dc1vraUb0o0,0,motivation / job / brain
dc8K1rt650U,1,game / dad / friend
DCEJQ2pQCF0,1,game / dad / friend
dCGv5ZWC27Y,8,interaction / extrovert / introvert
Dcj7Z7oUm-k,0,motivation / job / brain
DCYsGTEU-Y8,3,trauma / anger / emotion
Ddfgq3K4_vY,-1,Outlier
ddJP4HrKBSw,3,trauma / anger / emotion
DDLWEQs5VTc,2,game / dopamine / brain
De245b9hRw0,1,game / dad / friend
df7oRrmn8d0,14,burnout / employee / job
dfE1sUPwijY,2,game / dopamine / brain
dFmClqX3GdU,2,game / dopamine / brain
DFrjtOa18yE,2,game / dopamine / brain
DFR_uZFdvG0,15,pornography / porn / addiction
DGbNwB9eBI4,-1,Outlier
DGK_CY7U_io,0,motivation / job / brain
dgRSfhoHE4g,0,motivation / job / brain
dGrybv3Bv0E,-1,Outlier
dgWu_sIslak,16,narcissist / parent / narcissism
D-hEvvfRCl8,3,trauma / anger / emotion
DhNcClbtcRg,2,game / dopamine / brain
dhoGCej2MGI,-1,Outlier
dicN0ZkWa3I,-1,Outlier
__Disx06tE4,0,motivation / job / brain
DiZx_A0X-60,0,motivation / job / brain
DJJXkQ63N3c,0,motivation / job / brain
DjlUAWBvxYI,5,adhd / brain / medication
D-JvqV88siE,8,interaction / extrovert / introvert
dKHaDu3AHhI,1,game / dad / friend
dL5blJtBefA,-1,Outlier
DL5qDFDttps,25,bully / aggression / bullying
dLArYUxsR9w,16,narcissist / parent / narcissism
DLe5dkaipL0,7,depression / therapist / therapy
dM10IryoiZU,0,motivation / job / brain
dM2UIEmfHNc,2,game / dopamine / brain
DmL1tmL70Z4,-1,Outlier
DmpDyxWuRXA,-1,Outlier
DMw8G3RPWrQ,-1,Outlier
DNG135d4wHg,1,game / dad / friend
dNO9hsiIloQ,0,motivation / job / brain
DNS3RYOYV0w,-1,Outlier
DoaZb7ftgPk,6,gender / dude / emotion
doMS8sYWyNk,14,burnout / employee / job
dPDTQEG2jKo,1,game / dad / friend
DPrOQhf_q8s,-1,Outlier
dQpakiT4tHI,-1,Outlier
DQpXbgd4Clo,9,parent / boundary / kid
DQ_q60z09TQ,-1,Outlier
dqWTprtrHmk,10,addiction / substance / cannabis
dRFSp-_Z8FU,18,anxiety / panic / attack
dsjms8Nq7kE,7,depression / therapist / therapy
DT_0bl-WqYE,0,motivation / job / brain
DTbJqr8-MXE,0,motivation / job / brain
DTEdzXiq9bI,3,trauma / anger / emotion
DTpzdxWPW2c,-1,Outlier
dtqq4ZpN1pg,9,parent / boundary / kid
dud8iYkyArs,1,game / dad / friend
DuTBnZFhjzU,-1,Outlier
dVp_Gx6W3AM,-1,Outlier
dvq48pfJa9w,12,meditation / technique / practice
DvuVhCIQgfQ,12,meditation / technique / practice
dw8MfD_oQ6I,13,comparison / insecurity / ego
DW9JLSyYVXY,-1,Outlier
-Dwkz2SXHnw,-1,Outlier
DWOkr9accic,-1,Outlier
dwQ_mHnd7Zg,-1,Outlier
dwQs1nxb0Fg,2,game / dopamine / brain
dWS3A2EAwTk,26,loneliness / arousal / being
DWvr7yZ_UVo,24,generation / formula / despair
dXm2NM5Or0o,-1,Outlier
DZ0UvkjUsVQ,0,motivation / job / brain
DZvVaOwJNk8,1,game / dad / friend
e0ec2-E5Xq8,0,motivation / job / brain
E11NJOjW_iU,3,trauma / anger / emotion
e1ndqAkiQZo,-1,Outlier
e2BNC_DFHts,5,adhd / brain / medication
e35d0LReV5Y,6,gender / dude / emotion
E4G9RDFWyhY,2,game / dopamine / brain
e59VaZF3H80,6,gender / dude / emotion
e5LA8raT1Ss,6,gender / dude / emotion
E7imbL_XX_A,14,burnout / employee / job
E80ZpmvMqjs,-1,Outlier
e8ekN9Hu--M,-1,Outlier
e9BcXt179zU,2,game / dopamine / brain
E9gXBsr2rqQ,6,gender / dude / emotion
eACv26uAG5I,-1,Outlier
eahvaGzzPTw,7,depression / therapist / therapy
EAjI3uwmDtU,2,game / dopamine / brain
Eaqb0qeOOeY,-1,Outlier
e_b5mfu_Jxg,5,adhd / brain / medication
Edi-3t1n6dU,0,motivation / job / brain
eeInM4o66gw,9,parent / boundary / kid
EFeX17tQFXo,-1,Outlier
ef_JenyvDHw,5,adhd / brain / medication
EfmU1ztPaSM,8,interaction / extrovert / introvert
EfpFM712_AU,-1,Outlier
EGhgPpLEvuk,-1,Outlier
eH8zbu_P4x0,1,game / dad / friend
ehCW4YHHtu0,-1,Outlier
EHIS8v8auME,9,parent / boundary / kid
ehpGx-5WzJ8,12,meditation / technique / practice
EIZOzKCV9Kw,0,motivation / job / brain
eJ0L_Xawgys,19,hour / work / technology
eK-A7GVYaAw,3,trauma / anger / emotion
EKUo2C_mnBk,-1,Outlier
EL9CumFxXK4,0,motivation / job / brain
ELf6zEnvhjg,-1,Outlier
eLiJpl_F63s,-1,Outlier
eMnMLoWjwc0,1,game / dad / friend
EMwozAt7NOY,10,addiction / substance / cannabis
EmxJ5xYFeLA,26,loneliness / arousal / being
eN9acBFyodI,4,relationship / love / friend
eNxD2uYmnv4,-1,Outlier
EojRIaVZvkE,-1,Outlier
eor7tiuS7T8,-1,Outlier
eoVkQDDNa0g,15,pornography / porn / addiction
EOzD0Khshhc,22,psychosis / chatbot / risk
eP2yiWBOx_0,-1,Outlier
EP--_aBLQH4,0,motivation / job / brain
ePehwMH66-E,3,trauma / anger / emotion
EPH7d8uWQso,-1,Outlier
epRIdhwiICU,9,parent / boundary / kid
epXAQjBx7KI,-1,Outlier
e_PXjtwfNBc,0,motivation / job / brain
eqC-A560jK4,0,motivation / job / brain
EqHWrtBDuU8,-1,Outlier
eQiOPwvzTbM,6,gender / dude / emotion
Eqnq1m4EYVk,-1,Outlier
EQP5O_mbJho,1,game / dad / friend
erAMY-OcBiM,1,game / dad / friend
ERAtPcceAGk,-1,Outlier
erBFSsyDSRk,4,relationship / love / friend
ErfG8bmK_Pk,12,meditation / technique / practice
Erm3Pll2jEU,6,gender / dude / emotion
eS_64GuQpMM,-1,Outlier
Esx7fHzs-H0,0,motivation / job / brain
ET2__BGIZMM,-1,Outlier
eTrI_kWet0c,1,game / dad / friend
Eu2_nWyrIxY,5,adhd / brain / medication
eu9uvBYsPXs,2,game / dopamine / brain
EuAp-G6WFcc,-1,Outlier
EuiaKYE5ZEI,0,motivation / job / brain
EULkzo-BXAE,16,narcissist / parent / narcissism
eulzJS-2R9w,8,interaction / extrovert / introvert
euXrlVW_V1k,-1,Outlier
EUYZ887uLtc,2,game / dopamine / brain
evhWIyUsPTM,0,motivation / job / brain
EW3zcZ7LjXY,-1,Outlier
eWFtFtQrViM,6,gender / dude / emotion
ewgU8Fs3GWI,-1,Outlier
EWT9rjpjTRc,1,game / dad / friend
E-xtn0G953o,-1,Outlier
eY4E3tV_bcM,-1,Outlier
eYF4rk8MJXw,5,adhd / brain / medication
eyj3VHiy5mQ,12,meditation / technique / practice
eyV0qZtbKDM,7,depression / therapist / therapy
eYZE1p8ISds,2,game / dopamine / brain
EZ5aATZVqDo,5,adhd / brain / medication
EzE61P5FUAE,20,sex / asexuality / penis
ezF31CwFvpc,4,relationship / love / friend
E-ZptA9MyhE,-1,Outlier
eZXV0nNfdsw,1,game / dad / friend
f1Zhuln7Qs0,7,depression / therapist / therapy
f2DbcMUtRfk,0,motivation / job / brain
F4KRQwIBxfg,15,pornography / porn / addiction
f5DKrHcrhM4,2,game / dopamine / brain
F5JadFdhy9E,0,motivation / job / brain
F5vq_OM5xF4,-1,Outlier
F69ba1vS0oo,7,depression / therapist / therapy
F77xHSKSKc8,-1,Outlier
f80giMf-tKM,-1,Outlier
f9xMioSat9E,7,depression / therapist / therapy
FAoJnstMSwM,2,game / dopamine / brain
fayaDRGBkv0,1,game / dad / friend
FAzsArI7QJo,4,relationship / love / friend
fb1COSnMRvM,12,meditation / technique / practice
fB2OIbIkczk,4,relationship / love / friend
FbE0MAoC21Q,28,food / weight / diet
FboapMGvZYA,1,game / dad / friend
fBpVA6z_UMc,3,trauma / anger / emotion
fBUC90eib6A,11,sleep / bed / caffeine
FBXkbx4dm9k,2,game / dopamine / brain
FCA0j-Ft8dI,-1,Outlier
fd41IXXImxM,1,game / dad / friend
fDmBkrq30-U,6,gender / dude / emotion
fdpLUbR8Q8Q,-1,Outlier
fe6ZYTfWRik,0,motivation / job / brain
fe9qZSRF4HU,18,anxiety / panic / attack
feneycINJtY,-1,Outlier
f_EONDxuD_E,0,motivation / job / brain
Ff0WwKsa_9Q,11,sleep / bed / caffeine
ff1C2ku2J2U,-1,Outlier
FF8f_CQIyfQ,-1,Outlier
ffFdqC73N8s,1,game / dad / friend
fFsH_l0bhU8,-1,Outlier
FGEBcE8H2w0,-1,Outlier
Fggqhbm8J3U,-1,Outlier
fGPDBHLIcBA,-1,Outlier
fgtUC73KU2M,7,depression / therapist / therapy
FGU0pUFZanU,-1,Outlier
FGwoFvrkKrM,17,flag / relationship / partner
fh518OdBpbI,1,game / dad / friend
fhCBI3cynmc,-1,Outlier
FhD3RjFYK6o,-1,Outlier
FhfQoFZHNns,0,motivation / job / brain
fHWQe0zIpL4,6,gender / dude / emotion
FHXynK4kqto,-1,Outlier
Fi0q7O5QvO0,0,motivation / job / brain
fiZVRFykgeA,4,relationship / love / friend
fJOm1zXvVcs,23,kid / intelligence / intellect
FjrjZh1Nris,-1,Outlier
fJWmCx3xLXg,28,food / weight / diet
FkFzTOWuWt0,13,comparison / insecurity / ego
fKWp7R3zXG0,2,game / dopamine / brain
fK_xUPOA1c8,6,gender / dude / emotion
FlddpRfY0NI,11,sleep / bed / caffeine
-FLJRj1wFvY,13,comparison / insecurity / ego
FltjA7KZd7w,9,parent / boundary / kid
Fm0pEZEo3xk,-1,Outlier
FMCAVDk5YMo,13,comparison / insecurity / ego
FMeNI3a7yZ4,1,game / dad / friend
fmMMKSprX98,-1,Outlier
fNI2tx6ucjI,4,relationship / love / friend
FNJO1pZV-I8,-1,Outlier
FnveZCPyJRQ,15,pornography / porn / addiction
FNWtHaKHfqk,13,comparison / insecurity / ego
fOuM6nDNofo,0,motivation / job / brain
fpINkIx3saI,1,game / dad / friend
FPubnJcCxRU,23,kid / intelligence / intellect
FQ1d5rC062c,12,meditation / technique / practice
fqw9tbebRZo,-1,Outlier
F-RCG93iM-0,0,motivation / job / brain
FrqpIqh4a2M,6,gender / dude / emotion
fSHG19MMAc0,0,motivation / job / brain
fszSLflChFg,9,parent / boundary / kid
fTk9yj1WjkU,-1,Outlier
FtkcjHZFluI,4,relationship / love / friend
FTlfqJuQb5U,5,adhd / brain / medication
fu65PqBbwUI,4,relationship / love / friend
FUfrMLriKbg,22,psychosis / chatbot / risk
FUj3-B4yI8U,-1,Outlier
FuLG0YkFGEQ,-1,Outlier
fUnd7XaeHYc,25,bully / aggression / bullying
fuNQnza8Bx8,5,adhd / brain / medication
fUXacwFXmjo,0,motivation / job / brain
Fvi9YXO0nVY,0,motivation / job / brain
fvj7D2DT1JQ,19,hour / work / technology
FVoJZo0xXZA,0,motivation / job / brain
FvrAC37Volw,28,food / weight / diet
FVWgMwQiakw,13,comparison / insecurity / ego
fWO88W6mF8c,26,loneliness / arousal / being
FxiIbh_7L94,16,narcissist / parent / narcissism
FYGjlYR7QuA,-1,Outlier
_FZUc_AmBvY,-1,Outlier
G2DHl9R3B2Y,-1,Outlier
G2SqTWNFdyU,-1,Outlier
G2y0EEnQ9Jo,-1,Outlier
G3VU_brAnh8,0,motivation / job / brain
G4iTjvQ9qDY,23,kid / intelligence / intellect
G4pXXetRtLM,-1,Outlier
g4WPTPvQD0I,-1,Outlier
g4yT1mPc5kY,-1,Outlier
G5qMU17JPKk,12,meditation / technique / practice
G67DbO57PNE,-1,Outlier
G7ctHfHGVII,0,motivation / job / brain
g9bTRKlgI9E,-1,Outlier
GAAKgFT4S84,-1,Outlier
gaFianJ8x4M,5,adhd / brain / medication
Gak8dSwiASE,5,adhd / brain / medication
Gb19JTZ4c-Q,-1,Outlier
gb97Qj_3kqw,15,pornography / porn / addiction
GbvfZBHtGv8,-1,Outlier
gbykZnJcNAg,-1,Outlier
gC54c2JH7Sc,1,game / dad / friend
GCFhA79lla0,-1,Outlier
gCsivmxpBCw,4,relationship / love / friend
GD6pt1jSnW0,8,interaction / extrovert / introvert
GDTl3wpXFsQ,0,motivation / job / brain
gek0W9Tm8ug,-1,Outlier
gEL99VD5BvY,1,game / dad / friend
geSWbfRJkeo,-1,Outlier
GevxekO9Kyc,1,game / dad / friend
Gf9RwpUc23M,-1,Outlier
gfuPfzBGbVo,-1,Outlier
ggNcR40FqW8,9,parent / boundary / kid
ggrjYl6tTV0,0,motivation / job / brain
Ghty6m1JTFQ,-1,Outlier
GI594-ha2SQ,19,hour / work / technology
gIHGcsjg15U,9,parent / boundary / kid
gI_YXJ-omBU,25,bully / aggression / bullying
Gj4srP4yfGQ,1,game / dad / friend
gJk6AH4v4WA,-1,Outlier
-gKvNIY8etM,-1,Outlier
GL3-d2bgOJk,-1,Outlier
Gl48VJIXz48,-1,Outlier
GLwVWrpzhYk,0,motivation / job / brain
gm04964raGY,5,adhd / brain / medication
gMBuMAtr8xk,0,motivation / job / brain
gm-eQdHIyyk,-1,Outlier
gm-jlX2N5NE,-1,Outlier
gMpMd_7D_RM,-1,Outlier
gMVidhAyy-w,0,motivation / job / brain
gnErGtBoGo8,11,sleep / bed / caffeine
GnoyahuJ_t8,-1,Outlier
goa-8L5fdIw,24,generation / formula / despair
godC8AV_52k,-1,Outlier
gozDB-J3AVw,10,addiction / substance / cannabis
gOZT3XBIB1Q,-1,Outlier
GqBnXFoLX3w,-1,Outlier
gqmUm01ZfS0,0,motivation / job / brain
gqwjBEf3znc,-1,Outlier
gRQDe8lU4Hc,1,game / dad / friend
Gs2Xy9kMcpk,-1,Outlier
gs8Re1TXFag,-1,Outlier
GS_DbSgHnFo,-1,Outlier
gsjA3ZQzybA,0,motivation / job / brain
Gt0RCMWiIv0,16,narcissist / parent / narcissism
Gt9cr8E1nGg,-1,Outlier
gtDKBuXPV7Q,-1,Outlier
GTXsobfEXDg,1,game / dad / friend
gTy2-DLmbu4,-1,Outlier
gU3ju48hS7g,4,relationship / love / friend
gu_ANFKBeWw,2,game / dopamine / brain
GuJvDliyaJs,-1,Outlier
GuyQPL22qmE,6,gender / dude / emotion
GvAfRnu5A3U,-1,Outlier
GvmJWbhMX1g,-1,Outlier
Gw3uvgqZR5k,-1,Outlier
gWgx734KUqQ,13,comparison / insecurity / ego
Gwkwy4S1mHQ,10,addiction / substance / cannabis
GWu7kwlzspA,-1,Outlier
gWX1xuXAVw4,20,sex / asexuality / penis
GXOkfxxpjB4,6,gender / dude / emotion
GY3r-4Yu8dg,2,game / dopamine / brain
Gy7ccM9v3Vo,7,depression / therapist / therapy
GzDT_FVGUqQ,-1,Outlier
gzSxwbTNLwc,5,adhd / brain / medication
h1v6MoZT5Rs,3,trauma / anger / emotion
H29GopTVZnQ,9,parent / boundary / kid
h2iH62Dj83g,13,comparison / insecurity / ego
h56NkiN-AMo,0,motivation / job / brain
h6XRl_Wc_iA,0,motivation / job / brain
H9BIjux33_E,-1,Outlier
h9GzGsJbNyo,-1,Outlier
h9MbRLrlazc,1,game / dad / friend
hA3HbxYXf1k,-1,Outlier
hac5Zh-Z6bA,25,bully / aggression / bullying
HAujA1Gox9E,0,motivation / job / brain
hbgC4-fRhtk,3,trauma / anger / emotion
HCTvwy4qsdY,1,game / dad / friend
Hd-csr9WmzQ,11,sleep / bed / caffeine
HDQaPNKjujU,-1,Outlier
H-dsknYw-wc,0,motivation / job / brain
HE9-1AwZq2E,1,game / dad / friend
HEZRebsi-qk,1,game / dad / friend
HgdxGpumSTU,-1,Outlier
h_GlqMJCUJc,0,motivation / job / brain
HgoLqbbHMms,7,depression / therapist / therapy
hgwg_c6sNKg,23,kid / intelligence / intellect
hhcDEC-zPyw,-1,Outlier
hh--cWON0MQ,0,motivation / job / brain
_-HhpXNInk4,-1,Outlier
hHsYHVnaRNA,21,shame / self / emotion
HHwMzlsuI-c,-1,Outlier
HIaC2PJFDKo,23,kid / intelligence / intellect
HJJHjJbruBg,4,relationship / love / friend
hkE3His7hs0,1,game / dad / friend
hKnRO7CMTAs,9,parent / boundary / kid
HKwYC-1thKo,-1,Outlier
-Hmazl3RQnE,3,trauma / anger / emotion
HmI_VBp9QU0,-1,Outlier
hmJ-zhczM7c,-1,Outlier
HMLlpfiHjsE,10,addiction / substance / cannabis
HN5BoBlY0MU,5,adhd / brain / medication
HnFdn6MANIc,5,adhd / brain / medication
HNje-HuIYdI,5,adhd / brain / medication
hnSoSK2SF8k,-1,Outlier
Ho0024qvVao,-1,Outlier
hOEslPKNs54,7,depression / therapist / therapy
hOf6epE_2jg,-1,Outlier
HoXplzROmgQ,0,motivation / job / brain
Hq32ZIz1EBE,23,kid / intelligence / intellect
HqrIWxOkWRQ,6,gender / dude / emotion
hQRjSn7_BKY,0,motivation / job / brain
hr7Ej-q-lRE,10,addiction / substance / cannabis
hRgSrEU2miE,-1,Outlier
HrJeIf2n_rc,3,trauma / anger / emotion
HRkKGDa1yN0,-1,Outlier
hs5gzh56W_M,11,sleep / bed / caffeine
HsAvXyXyfNU,1,game / dad / friend
HseyZ3I08EQ,7,depression / therapist / therapy
hSXdB7ibvDM,-1,Outlier
_HTC8WZv0vY,-1,Outlier
htOL5Z3ARt0,0,motivation / job / brain
htq11OOFVw8,-1,Outlier
Hv-gxF7qoOI,-1,Outlier
HVvYn9jkZYQ,19,hour / work / technology
HwgpbQzSyg4,4,relationship / love / friend
hwoAUM81Z-k,-1,Outlier
hWSoyJ8iLRk,-1,Outlier
hww0nvRR-t0,11,sleep / bed / caffeine
HwwfoMPTy38,-1,Outlier
HXP90XxvhTU,-1,Outlier
hXsRvVT1d3U,5,adhd / brain / medication
hYK6Y9kkPrg,-1,Outlier
hYKdr4ibvDk,2,game / dopamine / brain
hzkgIOzBP7w,-1,Outlier
i0i0RSm2OoE,11,sleep / bed / caffeine
i2mzizQh8HQ,-1,Outlier
I4-j53VLbRg,9,parent / boundary / kid
i5BE-AK4FKM,-1,Outlier
i6Gy4O-_R7Q,1,game / dad / friend
I6MWY6wnpxk,-1,Outlier
i7EUaGNzbBw,4,relationship / love / friend
i7jK_XgzTes,-1,Outlier
I8o2Xzpbqvc,-1,Outlier
iAHrpFfsxUI,1,game / dad / friend
iaVdn2Iya7Q,-1,Outlier
IAW494zhWGI,11,sleep / bed / caffeine
IBHbq_T5nxU,-1,Outlier
iBsV30xtd3c,-1,Outlier
ibTUQEfcP6A,17,flag / relationship / partner
ibxThoss0fg,0,motivation / job / brain
icfI_iVLeRs,-1,Outlier
icjtRyavHsE,-1,Outlier
ictVkc_XCpk,-1,Outlier
iD5UvbX4BGw,0,motivation / job / brain
iDdjSfM5JCI,-1,Outlier
IEc1gti61eQ,0,motivation / job / brain
iEcbLpX_pi0,0,motivation / job / brain
ieLVe-QxgFc,27,vision / contact / introvert
IEoGKNaE_FA,5,adhd / brain / medication
ieStO3JqWJ0,14,burnout / employee / job
IF8S6czgPfM,-1,Outlier
iflcK39wJ2M,-1,Outlier
IFUilP8grFQ,0,motivation / job / brain
Ig8ZBL8-RWw,-1,Outlier
Ig-Xj5Y2zRY,13,comparison / insecurity / ego
IH31tsRLj88,0,motivation / job / brain
II4bjYOS07U,-1,Outlier
II8Q1A5Xgrg,0,motivation / job / brain
iIDpRC1ThAs,0,motivation / job / brain
IIPTN0qdFVU,1,game / dad / friend
iiTJxNhiUtA,8,interaction / extrovert / introvert
i_j3Aq9K_z0,7,depression / therapist / therapy
IJcSnc93EcM,-1,Outlier
iJi2yb0kmYQ,-1,Outlier
ikMc0lf8GWU,-1,Outlier
iK-T74wxkks,-1,Outlier
Im3q7nM6Ur4,-1,Outlier
IM70hSzU9ck,24,generation / formula / despair
iMeyTBu11eY,-1,Outlier
IO0RWuy_5Bw,1,game / dad / friend
ioa6BjuSOt4,4,relationship / love / friend
IOWelVx5CUw,-1,Outlier
ipmmR2sntjw,5,adhd / brain / medication
IQc2VcWqRIs,-1,Outlier
IQMQ0DVETX8,0,motivation / job / brain
iRVNCTMwdlU,22,psychosis / chatbot / risk
iRxdZCI8gcQ,2,game / dopamine / brain
iT3Kqwp2LCY,18,anxiety / panic / attack
iuzkhXJ_zz0,10,addiction / substance / cannabis
IVEGx2x7GEI,1,game / dad / friend
ivswTsqCyLc,-1,Outlier
iVuq0L2xi24,-1,Outlier
iWASYMdb5NY,16,narcissist / parent / narcissism
iwExD9FAZ68,-1,Outlier
iwJBJGZfjVs,0,motivation / job / brain
IXcD-tcNGds,3,trauma / anger / emotion
iXdZS76agHM,-1,Outlier
IXpNr6BLjK4,1,game / dad / friend
IYcAbQndG_k,4,relationship / love / friend
IZ7DF7jBYW0,9,parent / boundary / kid
IZFNtb9_5hI,0,motivation / job / brain
J0BxymT24CQ,6,gender / dude / emotion
j0eO-yvanlk,1,game / dad / friend
j_0KTjY0ZAk,1,game / dad / friend
J0wMTyKynXo,0,motivation / job / brain
j1l-mLOp00I,3,trauma / anger / emotion
J1X3U9JX3rA,-1,Outlier
J2qVgnuGjjM,1,game / dad / friend
J4ktFkdEhoU,-1,Outlier
j4L7pjGnKqw,9,parent / boundary / kid
J4M5Den94M0,0,motivation / job / brain
j5kSPdPUztI,0,motivation / job / brain
j5qgaKHMw1I,12,meditation / technique / practice
j6jrBZQo5fM,0,motivation / job / brain
J931-RA50nE,19,hour / work / technology
JA61Y07dqB4,2,game / dopamine / brain
ja-hlhtRU7Q,4,relationship / love / friend
jBIb9W0IEUk,-1,Outlier
jBWG33lGwTg,17,flag / relationship / partner
jcFjLELV798,-1,Outlier
JcFPM28z68E,-1,Outlier
jdKm1UrqOZM,-1,Outlier
jDl03wtHaC4,8,interaction / extrovert / introvert
JdllRGKzQcU,20,sex / asexuality / penis
JdZ-B65wWoI,4,relationship / love / friend
JE-dgPRkNiE,-1,Outlier
JeK8TdxDXDE,0,motivation / job / brain
jetFQ4-40vQ,-1,Outlier
JewG_7ZC42g,-1,Outlier
JG6Bt5PFrI0,5,adhd / brain / medication
jggPbLrQiOU,2,game / dopamine / brain
JgkYRyqloVA,-1,Outlier
JGn3Td9i-j4,1,game / dad / friend
Jgq6ulFwed8,-1,Outlier
JGyjtsbLayc,-1,Outlier
jHifQabR8IM,4,relationship / love / friend
jhrYGkpxgGY,-1,Outlier
JhWU6xHEwgY,28,food / weight / diet
JiH8re5GH9k,0,motivation / job / brain
jiIhOgpOWcA,19,hour / work / technology
JIkfICZ1BSA,-1,Outlier
JIMgT2WR7aI,15,pornography / porn / addiction
Jjju1GVckFk,-1,Outlier
JjtRJPRI6YQ,-1,Outlier
JjYRJZd7Di8,1,game / dad / friend
jJZywZOjQsk,0,motivation / job / brain
jKHrGZlNN3I,-1,Outlier
jLaPwlAMEHI,18,anxiety / panic / attack
JlMAt7fqy7A,-1,Outlier
jm2W5bx35EI,-1,Outlier
JmMgRm9F82c,5,adhd / brain / medication
Jncgm0ThnBs,-1,Outlier
jnH16i6zG_M,26,loneliness / arousal / being
jniz2BZ5zO8,-1,Outlier
JnPyjTFBV9k,4,relationship / love / friend
JOJWbV-ufk0,7,depression / therapist / therapy
jOUoDCuKYbU,0,motivation / job / brain
Jp61rxM2ePQ,-1,Outlier
_JPP1lKVMf4,11,sleep / bed / caffeine
JprTBxSfVvs,1,game / dad / friend
jPszqASV3sY,-1,Outlier
Jq74p0Z2o5A,15,pornography / porn / addiction
JQjgRR1PSxg,4,relationship / love / friend
jqONINYF17M,14,burnout / employee / job
JQrNBmMo5aQ,20,sex / asexuality / penis
JREDtvZpCMo,6,gender / dude / emotion
JrJiQ_W98gA,12,meditation / technique / practice
jr-vBb-VPwQ,3,trauma / anger / emotion
jSvj70M-IpM,8,interaction / extrovert / introvert
JTlP1BdxaK4,-1,Outlier
jtX6qYM2stU,0,motivation / job / brain
jTXNrPe8SRY,8,interaction / extrovert / introvert
JuWFB2C52QM,4,relationship / love / friend
jvkVAWx1ejY,0,motivation / job / brain
jVP9HHIg7MY,8,interaction / extrovert / introvert
JVS5OA-akNw,0,motivation / job / brain
Jw7EMtFXfng,1,game / dad / friend
jw8eVMKSDgc,13,comparison / insecurity / ego
JWgRa03eZGM,19,hour / work / technology
Jw_indNpQqQ,-1,Outlier
JwP5eeYjrMg,9,parent / boundary / kid
-jWrCY3z3EI,12,meditation / technique / practice
Jx3zvAexTpo,-1,Outlier
Jx60_Z3nSTk,22,psychosis / chatbot / risk
JxGRqZWdc5U,15,pornography / porn / addiction
jxqKCh1K_xc,17,flag / relationship / partner
jY-5TbN4Kp0,-1,Outlier
JYHqWgvtLbk,4,relationship / love / friend
jyLXGh_k57Y,19,hour / work / technology
k0iUzEJQ1so,-1,Outlier
K1Bsg2qU6fM,0,motivation / job / brain
K3GVi_sIkY0,25,bully / aggression / bullying
K3QHHRXWCgQ,7,depression / therapist / therapy
K3Xp2z84Vcs,-1,Outlier
K-5vU_EOZtU,3,trauma / anger / emotion
k5X8CzKbBKY,1,game / dad / friend
k6vRX6DBS2I,2,game / dopamine / brain
K7kNGExm87o,0,motivation / job / brain
K9718v8O3xc,-1,Outlier
K9VOhOGJGm0,21,shame / self / emotion
kah5uKvj5Tc,-1,Outlier
kAUuJ-X6A-M,-1,Outlier
KaVpUzD03bo,-1,Outlier
Kc8M4JKHiL0,-1,Outlier
KcCquBXTtSk,4,relationship / love / friend
_KciGyKBaLk,-1,Outlier
Kct_kqf6DzQ,3,trauma / anger / emotion
k-DMeweyBdI,-1,Outlier
kDnMYYzVkNA,16,narcissist / parent / narcissism
Ke3a7jMKt04,3,trauma / anger / emotion
KED1kulYTnQ,4,relationship / love / friend
keJPw9iX1kw,4,relationship / love / friend
_-KEq2dp5cE,8,interaction / extrovert / introvert
kEsIL0j0BGk,25,bully / aggression / bullying
KfnnSiy6NGs,-1,Outlier
KfQ7piRFYT4,-1,Outlier
kfqhwlOM8B0,1,game / dad / friend
Kgb_2qV8_cs,0,motivation / job / brain
Kgb6AvOjVic,24,generation / formula / despair
KGPVrrxgHnc,3,trauma / anger / emotion
Khqwm3np9wc,-1,Outlier
kHtdGIMxD88,0,motivation / job / brain
Ki9sxl2t16Y,11,sleep / bed / caffeine
KjmsJawGNzY,4,relationship / love / friend
KJX-8C7OHmw,4,relationship / love / friend
k_KVuh8V7Fw,0,motivation / job / brain
KLAXERA3aNc,7,depression / therapist / therapy
kLFtKUwwgmY,4,relationship / love / friend
kLkHgIbqeNU,2,game / dopamine / brain
KmG-clfkE7Y,1,game / dad / friend
KmJmvaMIjIY,0,motivation / job / brain
kNBkLhf2Rg0,4,relationship / love / friend
kozi2ovzw8c,1,game / dad / friend
kPZwR3v_UyI,1,game / dad / friend
Kq79km2u2iY,10,addiction / substance / cannabis
kqriaA0MQlo,3,trauma / anger / emotion
KqYr8t6FEdQ,-1,Outlier
krsPJ2vRfvE,0,motivation / job / brain
Ks0DRZqCgJ0,-1,Outlier
kSDaqU3OEF4,18,anxiety / panic / attack
kSKVIZKcxpw,9,parent / boundary / kid
KSoZ7eLdClQ,4,relationship / love / friend
ks_sXQFezmY,8,interaction / extrovert / introvert
KsVrqm5mxuE,21,shame / self / emotion
Ks_zt9xzHy4,2,game / dopamine / brain
KT3PVnXqv4Q,-1,Outlier
kt6UmH1EflY,7,depression / therapist / therapy
KtaBlxSi1S8,0,motivation / job / brain
KtkL40jRLvU,4,relationship / love / friend
kTrbGx6_xaU,-1,Outlier
kT-rP5aM-LY,1,game / dad / friend
KUfBdI8f_cA,3,trauma / anger / emotion
KUwjo4YxQPw,-1,Outlier
kv9p7m1VS6s,-1,Outlier
KVNcM60IMco,14,burnout / employee / job
kvQWpXqNJ5c,19,hour / work / technology
kwCp41BqbzQ,0,motivation / job / brain
kWgnYU9rTmk,13,comparison / insecurity / ego
KWo0_ttEl34,-1,Outlier
kWt6szZ7KVg,10,addiction / substance / cannabis
KyBCMcAlogY,-1,Outlier
kyjWBSUJglY,5,adhd / brain / medication
KyLXDC_vrsc,-1,Outlier
kyVAsUnqBVU,3,trauma / anger / emotion
kz2vZr3zM9A,-1,Outlier
kZ5_p8E825U,-1,Outlier
kzqMaql641s,0,motivation / job / brain
kZwngUMWG1g,4,relationship / love / friend
KzZ5sY-QDRE,6,gender / dude / emotion
l0ApTNs7Xb4,-1,Outlier
L2MkomSkmPc,-1,Outlier
L2vJHPAU7nE,27,vision / contact / introvert
L37AIJjovDk,2,game / dopamine / brain
L4qL-hMTj7M,4,relationship / love / friend
l5GMD587vCc,-1,Outlier
l5iSZVN_qu0,1,game / dad / friend
l5qqFgZdTiw,14,burnout / employee / job
l5X7OyMr0UY,2,game / dopamine / brain
L6e3XmW0GCA,-1,Outlier
l7fv70cMOIo,3,trauma / anger / emotion
l8_AeuMMfAo,4,relationship / love / friend
L_8ekuBnOv8,-1,Outlier
l8ORd2v07rQ,-1,Outlier
l9bB2AoPuUY,15,pornography / porn / addiction
la1C-1iiEFc,-1,Outlier
lA65-Ud07pA,-1,Outlier
l_Af_1_mOL0,-1,Outlier
Lalv4E3jyR0,1,game / dad / friend
LbApPgkPW5A,-1,Outlier
LbhE6V1xsb0,21,shame / self / emotion
lbZqUFeAY_M,7,depression / therapist / therapy
LC6B8f6WR6c,8,interaction / extrovert / introvert
LcuS2bDQI8Y,-1,Outlier
lcXHpDixRZ0,6,gender / dude / emotion
LDAxyNaIhgE,-1,Outlier
ldTMLhTMZAc,1,game / dad / friend
-LE5q1GgkyU,14,burnout / employee / job
lEAKDo7REHw,2,game / dopamine / brain
lerbMc9T6OM,-1,Outlier
lf2qFBBDihU,2,game / dopamine / brain
L_f6V8Wm8A4,-1,Outlier
l_F7Wam3Nyo,-1,Outlier
lFAIbzPOK2o,1,game / dad / friend
lGjI5LkBYRA,13,comparison / insecurity / ego
lGu5jasfxx0,3,trauma / anger / emotion
lheLeVzQNjU,1,game / dad / friend
LhI2z88q6gQ,-1,Outlier
LHoZ6p4CmuM,17,flag / relationship / partner
lhtcLe9QbMQ,-1,Outlier
lhwOPrXgspQ,1,game / dad / friend
LhzobpbiG80,4,relationship / love / friend
Li8OK7JZtUs,0,motivation / job / brain
lIiOPTBy-u4,-1,Outlier
liLSbEqOyd8,4,relationship / love / friend
lJKmwM2cNro,6,gender / dude / emotion
LJl7c1rcZnU,8,interaction / extrovert / introvert
LK05AGW0JBE,5,adhd / brain / medication
lK5g4VAR0Xo,9,parent / boundary / kid
Lk_SGCNChUs,1,game / dad / friend
LlaEICB6gLE,1,game / dad / friend
_lM5dF7mS6o,5,adhd / brain / medication
LmJenRFlTJc,4,relationship / love / friend
lMr7hmwuVUA,-1,Outlier
LN8kyWBrBKk,0,motivation / job / brain
LnIW1p1YLx0,0,motivation / job / brain
lNn1CsgMhWk,9,parent / boundary / kid
LOGs1Y1MJZI,10,addiction / substance / cannabis
LojDvrwBcUU,-1,Outlier
-lOTZRpOvxY,12,meditation / technique / practice
lPAzMw8hwhg,10,addiction / substance / cannabis
lPMl5GZzxjo,-1,Outlier
LpRJy_KNy5c,16,narcissist / parent / narcissism
lpsc3vFzJhk,1,game / dad / friend
LqYpWW1IjGI,-1,Outlier
lrgkjeBthsg,0,motivation / job / brain
_lRLZYri3Zo,1,game / dad / friend
lrRtv9YXj-Q,4,relationship / love / friend
LrtVlJU_jDg,0,motivation / job / brain
lRVhADXEFWA,21,shame / self / emotion
lSgM3z0ZUF8,2,game / dopamine / brain
LskDuBmNmyY,1,game / dad / friend
LSUBVve0jWw,14,burnout / employee / job
lszZ5k4dqmE,1,game / dad / friend
LtkH_KTl3CE,7,depression / therapist / therapy
LtmRr9w3D5w,1,game / dad / friend
Lu18adxjwPI,4,relationship / love / friend
LUD-9Jx3odc,0,motivation / job / brain
lUmvoJ8nFq0,-1,Outlier
LUUWAu8W8Ww,-1,Outlier
lUVeUSIlQiI,-1,Outlier
lUxU6KnjNNs,1,game / dad / friend
Luyor0hImkE,1,game / dad / friend
LV3KzHnqa6I,21,shame / self / emotion
LvizaKPZPPY,-1,Outlier
LVqmWJemfJc,0,motivation / job / brain
LVxKF5SuVC4,-1,Outlier
Lw4dMehQkgs,-1,Outlier
l-wALRfyUSA,-1,Outlier
LWV_Zl2qW_4,1,game / dad / friend
LY4DKo_WAsw,9,parent / boundary / kid
LZVTbFuZrNw,1,game / dad / friend
M1DIwzXlTX4,0,motivation / job / brain
M33JiC7dylQ,-1,Outlier
m3ojamMNbKM,-1,Outlier
m4svtVv7oc8,17,flag / relationship / partner
m5NNPqibjGg,-1,Outlier
M5V5LFnaojQ,-1,Outlier
_m6-8sQZX0Y,5,adhd / brain / medication
M7tRP-3q2HM,24,generation / formula / despair
m8nScdhRXfs,1,game / dad / friend
M90Utt-3VdY,11,sleep / bed / caffeine
M9A5rFO09FY,13,comparison / insecurity / ego
m9gWy5cHQOE,1,game / dad / friend
maneUFx4j8w,-1,Outlier
MAsZS4Oj1Qg,-1,Outlier
mB4RYOPAHkU,6,gender / dude / emotion
MbdDGd-9bDY,19,hour / work / technology
MbJ-zU43WaY,0,motivation / job / brain
-mBnD2korkA,4,relationship / love / friend
MCS_hT7sga8,-1,Outlier
MD0Ei5agKkE,-1,Outlier
MDx17op_q-0,2,game / dopamine / brain
me0O-MCn4iI,1,game / dad / friend
mefGxK10bWQ,-1,Outlier
MetInlGEFZA,1,game / dad / friend
mFbQv3SnPvU,7,depression / therapist / therapy
mFJQANTw3jA,0,motivation / job / brain
Mft6chPPhq0,0,motivation / job / brain
_MGm1rUw3D4,-1,Outlier
MHCLBCqScl0,-1,Outlier
mhEu2xaKVfc,11,sleep / bed / caffeine
mHMQX2EYnKM,8,interaction / extrovert / introvert
mHNIfDN6Wec,8,interaction / extrovert / introvert
MHxijcnuHaE,-1,Outlier
MhZAH9IpJ0Y,1,game / dad / friend
MId2AotFA4A,-1,Outlier
mIHEtK3WktE,-1,Outlier
MIMzD75hz1E,9,parent / boundary / kid
mKeeDV5hGpc,26,loneliness / arousal / being
mkJAwKLzRzU,-1,Outlier
MKLRsigQCCM,-1,Outlier
MKMiJ3kxWpo,6,gender / dude / emotion
mlk0NAA3I48,-1,Outlier
M-m0hK0dir0,-1,Outlier
MMbUTXJBHL0,3,trauma / anger / emotion
mmqok1dJrVs,0,motivation / job / brain
mN9NPgKpRLI,-1,Outlier
mO1NcxRUJQY,3,trauma / anger / emotion
mOCGBrkRq0g,0,motivation / job / brain
MoMDv-hf7bs,0,motivation / job / brain
MoODItd25cM,-1,Outlier
moqiVNlDB2g,22,psychosis / chatbot / risk
moZ_UUC8MsY,7,depression / therapist / therapy
MPnWbj70TTY,-1,Outlier
mpRRix8m4SQ,-1,Outlier
MQ15cXicr7U,-1,Outlier
mQAqh_MJWeI,11,sleep / bed / caffeine
MqOTFWaZV0c,-1,Outlier
MQu3Xw24tQU,-1,Outlier
MReJLcWsnH8,8,interaction / extrovert / introvert
mrgx0J2w-So,5,adhd / brain / medication
mRHmGQIA0lo,1,game / dad / friend
mRtMfF131Kk,8,interaction / extrovert / introvert
MsgAcRb-kfo,3,trauma / anger / emotion
mThU-sdywKw,-1,Outlier
MtP3M9rqNPg,0,motivation / job / brain
mtPfr8yDRJM,2,game / dopamine / brain
MTrfaHSTnAM,18,anxiety / panic / attack
MtrN9iyKRwk,13,comparison / insecurity / ego
MTV9RjeRX_g,6,gender / dude / emotion
MTZQBWMqw9E,2,game / dopamine / brain
MuOrL186HOg,-1,Outlier
mURtfEtBHKc,10,addiction / substance / cannabis
MuWmiM0bR5Q,2,game / dopamine / brain
muZyOri3o_E,9,parent / boundary / kid
MuzZtjq4XjI,2,game / dopamine / brain
mVf78JnY-ng,1,game / dad / friend
mVhdgZMLOjg,0,motivation / job / brain
mVi6gGY8LCA,0,motivation / job / brain
MVlI8GJdDGo,-1,Outlier
MvOI22BoELk,-1,Outlier
MW6FMgOzklw,22,psychosis / chatbot / risk
MW866O1X9RI,2,game / dopamine / brain
mwbxgzcRKEw,5,adhd / brain / medication
_mwm67Nmiz8,-1,Outlier
MWMWTTE-JR0,-1,Outlier
mwyBMxad-vU,12,meditation / technique / practice
mXhJ93Yk0SA,1,game / dad / friend
mXMxfS6oEig,-1,Outlier
MxRKG9YHxnM,0,motivation / job / brain
MXUCNAO0yQE,0,motivation / job / brain
-mzfOqtS1z8,14,burnout / employee / job
n13sKCZAt0w,-1,Outlier
n1AsrO77q6g,-1,Outlier
n1fWN1Li69g,-1,Outlier
n4A5eRNyMrE,0,motivation / job / brain
n4jSkOjuLIg,1,game / dad / friend
n4L4Z0Kx004,-1,Outlier
N50oUcXZ2YM,-1,Outlier
n5CzEpYi6n0,12,meditation / technique / practice
N5fkQNSaojI,1,game / dad / friend
N-7Rq5mQNIw,1,game / dad / friend
n7sLb8_wvRo,-1,Outlier
N8czwnNtLW4,-1,Outlier
NAma0IaMhYY,-1,Outlier
nB8g3n10_Z8,1,game / dad / friend
NBB0Q5N1ssY,-1,Outlier
NblOLXSZg-Y,11,sleep / bed / caffeine
NCAxNjNYsA4,-1,Outlier
ncPVbubFn18,0,motivation / job / brain
nCVECzSFnTY,-1,Outlier
nd6Uc9lToEw,-1,Outlier
NdfXtpHwJhU,4,relationship / love / friend
ndNlwjgDwTo,-1,Outlier
nE787tZD45o,4,relationship / love / friend
neHB7UQ5Fok,3,trauma / anger / emotion
NfiSZQudg0o,21,shame / self / emotion
NFssqJShcuw,0,motivation / job / brain
nGPKATu4v4o,17,flag / relationship / partner
nh49x4fnIzY,6,gender / dude / emotion
Nh74-dL5sy4,-1,Outlier
Nh7-lfXMXBU,4,relationship / love / friend
Nh9bABHbdMo,25,bully / aggression / bullying
Ni7q69458dE,-1,Outlier
NIOWs6MC6GY,4,relationship / love / friend
NJociq1KZGI,1,game / dad / friend
Njwx3vneOOw,2,game / dopamine / brain
nKJOl4sjFIw,17,flag / relationship / partner
NKpA26JF3Rw,1,game / dad / friend
NL5NeKeFhxM,-1,Outlier
NlEwdsgHhKg,21,shame / self / emotion
NLKLqF4MJ2A,16,narcissist / parent / narcissism
NLqDegnCluE,-1,Outlier
NM0wzoWKSq4,-1,Outlier
nmb-FNftFn8,28,food / weight / diet
nMHRNhq-Zlg,10,addiction / substance / cannabis
nMM-67dsERA,-1,Outlier
NMz8KINqxSc,-1,Outlier
Nn0y52-oA60,-1,Outlier
nnHaCe5F2FI,3,trauma / anger / emotion
_nnIpedYv-0,1,game / dad / friend
nnpyhuOblkE,6,gender / dude / emotion
NnTLJtBr1zo,0,motivation / job / brain
NOclpHxSxRc,-1,Outlier
NoNxyrvrWHc,24,generation / formula / despair
NOTnBTHFl6A,-1,Outlier
NP1LW6UHa1I,11,sleep / bed / caffeine
NPfeeg70zGc,1,game / dad / friend
nQiu6HpWyiY,3,trauma / anger / emotion
nqTPUA6dHVk,-1,Outlier
NqtYZJSGeEY,10,addiction / substance / cannabis
nQXoM4ilFjc,1,game / dad / friend
nRb7tEHVIYs,23,kid / intelligence / intellect
nRDWWPPUTV8,17,flag / relationship / partner
nRZCIWEolXg,-1,Outlier
NSIWr3K9350,4,relationship / love / friend
NuF7wp9pb_k,-1,Outlier
NuHEY7CjjTI,2,game / dopamine / brain
nujgUpYIVOE,13,comparison / insecurity / ego
nuZ8G_ERYUw,-1,Outlier
n-v04AAPK1s,2,game / dopamine / brain
nvtbwCw_hqw,6,gender / dude / emotion
Nw-c_7aDeUQ,15,pornography / porn / addiction
nwJCZiLW3qo,-1,Outlier
nwN3NLREEx8,6,gender / dude / emotion
nwURTnEm3eA,-1,Outlier
nX9CS_E8UZY,1,game / dad / friend
NxA3iDJQhYE,3,trauma / anger / emotion
nXJHMc5EhCY,0,motivation / job / brain
NxU65kfJ1nk,12,meditation / technique / practice
NYiike6yh1k,5,adhd / brain / medication
nyW4j2YeOCU,7,depression / therapist / therapy
N-Zel07vrro,-1,Outlier
o14J4h5SWSA,0,motivation / job / brain
o1OEDG47HsY,0,motivation / job / brain
o1vdI1JCEl8,-1,Outlier
O1wTnESwX5k,-1,Outlier
O_335jf-Nx4,0,motivation / job / brain
o33gGuW7mBM,-1,Outlier
o3licAZYIIQ,0,motivation / job / brain
O3wDhO4Loy8,-1,Outlier
O4MgZNsVwew,-1,Outlier
o6dogAPB9gQ,0,motivation / job / brain
O6M-8TeR5ak,2,game / dopamine / brain
O7-mGnRsH0s,-1,Outlier
O8BQUJjLeBw,-1,Outlier
o-9aumQSTXA,7,depression / therapist / therapy
O9mqIIi2pqM,5,adhd / brain / medication
OAbmiSXzFrw,-1,Outlier
oAI7aNGecaQ,-1,Outlier
OAMcu_5SSpE,16,narcissist / parent / narcissism
oaXfYIYDRXg,19,hour / work / technology
obJVJSPGMnQ,-1,Outlier
obX7fthgQHU,15,pornography / porn / addiction
oC2RTC7OvGA,12,meditation / technique / practice
oclopygpcew,10,addiction / substance / cannabis
OcNTwEfo4NI,-1,Outlier
ODPPQJIjTmY,14,burnout / employee / job
OdwlORqCP2Q,17,flag / relationship / partner
oFcQcmZJQ_k,-1,Outlier
OfKSO0PplGA,-1,Outlier
OgGFPEcp5Ak,3,trauma / anger / emotion
ogi5pTUv9VY,6,gender / dude / emotion
OH6PQVmnNzI,15,pornography / porn / addiction
Oh9OZKUXL3U,-1,Outlier
oHoFqwF2OAU,-1,Outlier
OIgfQ3nBP7A,-1,Outlier
Oj5lA7FfUkI,-1,Outlier
oJUz-s5PhsU,-1,Outlier
OkronGq4zmM,2,game / dopamine / brain
OkyNFwf4Nik,3,trauma / anger / emotion
OLSl6Y9uJto,0,motivation / job / brain
oLtU04bfMhA,-1,Outlier
on5cMLzePys,21,shame / self / emotion
oNKV6AK4epw,3,trauma / anger / emotion
oNq6I0KPsHs,-1,Outlier
oOz8R4QqyPw,1,game / dad / friend
Op1xW6eKEbU,-1,Outlier
op3GoK1oBus,-1,Outlier
OpdYAlQLFs0,6,gender / dude / emotion
OPoF58cHBXc,8,interaction / extrovert / introvert
oPSrF-WIvsU,6,gender / dude / emotion
or6A1Pl04ss,6,gender / dude / emotion
ORvjBPtp7NM,-1,Outlier
OS2Djq6b54o,-1,Outlier
OsMwS82_9vU,1,game / dad / friend
Ot4ojgFArbo,-1,Outlier
otCj0c9mMTQ,-1,Outlier
oTIqAFGc9iU,6,gender / dude / emotion
otKfeRzwMe0,-1,Outlier
OtqUmwvBDek,-1,Outlier
oTrCLOyoRq8,8,interaction / extrovert / introvert
-OU9gJ3vzT8,9,parent / boundary / kid
oUrkfSzpt20,8,interaction / extrovert / introvert
OvAFlWXwGyE,-1,Outlier
oVT2haMf7Bk,-1,Outlier
OVXA0I4dR0A,0,motivation / job / brain
OW08NoTQI1c,-1,Outlier
oWf_v_sSPuw,18,anxiety / panic / attack
OwlXbUYDf0w,2,game / dopamine / brain
owVcmRiIfVU,-1,Outlier
oXeED-kYowo,3,trauma / anger / emotion
OyzwbJ9jM4I,5,adhd / brain / medication
ozu9Jd_Fm-I,-1,Outlier
oZZPCuXjsYQ,-1,Outlier
p02xTmgRGSc,17,flag / relationship / partner
P0lR7kg09QE,2,game / dopamine / brain
p1LTW_E3SSY,3,trauma / anger / emotion
p2contq5aRg,2,game / dopamine / brain
p34SaluKjIg,1,game / dad / friend
p3ymUXFW2_M,21,shame / self / emotion
P3z8NdGhuks,-1,Outlier
p4mR7WIuhr4,-1,Outlier
P6hQoANEM9A,-1,Outlier
p6UCLe-QpYA,24,generation / formula / despair
p7_EitbHNHI,17,flag / relationship / partner
Pa51EGS7Hnc,-1,Outlier
pae9vn_bl40,-1,Outlier
PawNAVCZN00,0,motivation / job / brain
pB231fwy9dQ,0,motivation / job / brain
pBaqMZW4gcw,5,adhd / brain / medication
pbxU_v5kR8A,0,motivation / job / brain
pBXYwVEudj4,8,interaction / extrovert / introvert
pCJ6VdLqxK0,1,game / dad / friend
pCmm-sJjZkU,-1,Outlier
PcUXCzQrhTE,15,pornography / porn / addiction
pDB1ip_uAyc,3,trauma / anger / emotion
PDTPg_qKvn8,1,game / dad / friend
pED2p6Ev4ds,6,gender / dude / emotion
pEWbCTt81so,7,depression / therapist / therapy
pF_rJLeEFPw,-1,Outlier
P_gCiV4gjKw,16,narcissist / parent / narcissism
PgfbuE63HfM,1,game / dad / friend
Pgm1fQJtS-M,0,motivation / job / brain
PGVDwSJL5dE,-1,Outlier
phTTGIEUX7w,1,game / dad / friend
pHUfic2uENY,1,game / dad / friend
Pi6HUTcUO7Q,-1,Outlier
piFjKARAXr8,-1,Outlier
pj8AEjNE6VY,-1,Outlier
pJNIiGAvxaY,0,motivation / job / brain
pkKt_sU2hsM,14,burnout / employee / job
-PkWDCEYpGI,0,motivation / job / brain
PkXMKYAsZzw,-1,Outlier
PKYCnnNnB5o,-1,Outlier
plIzMkPhPGk,6,gender / dude / emotion
PlPwoLBKxZQ,25,bully / aggression / bullying
PLzGwpfIivE,4,relationship / love / friend
pm0V_66IBvc,11,sleep / bed / caffeine
PmGIwRvcIrg,7,depression / therapist / therapy
PmRsqT4_42o,6,gender / dude / emotion
Pnm402sKYPA,-1,Outlier
poEqIZhNcTw,-1,Outlier
PpRA4kDW-9k,-1,Outlier
PPVxFeMufOs,-1,Outlier
Pp-yCnk73-U,-1,Outlier
pqMCdKH9oBQ,0,motivation / job / brain
PQrroNULwSc,1,game / dad / friend
pQx3JvGVdY0,3,trauma / anger / emotion
pr5pOitQSIU,15,pornography / porn / addiction
PrDsm7kzAyM,0,motivation / job / brain
PR-VSLLJF6g,-1,Outlier
psEVc8Y64HU,15,pornography / porn / addiction
PshTkUi1lpY,14,burnout / employee / job
Pt_LII43CFE,0,motivation / job / brain
pTzPCvTX10c,2,game / dopamine / brain
pUMsLQ2ExaE,17,flag / relationship / partner
pUOxDODDGRY,6,gender / dude / emotion
PUptqsTB3YI,-1,Outlier
puSYekk6_HM,1,game / dad / friend
puYFqUL_tWc,3,trauma / anger / emotion
PVcRsaVvgH0,8,interaction / extrovert / introvert
PVka4Hd_D38,4,relationship / love / friend
pw9ukbOi59g,1,game / dad / friend
pWCLlCE3PXc,6,gender / dude / emotion
pwptE3KmKuE,2,game / dopamine / brain
pWsnc0fLlZY,2,game / dopamine / brain
PXBFIKpRlpo,0,motivation / job / brain
PXPgN17z964,-1,Outlier
PyCSEt9nosQ,18,anxiety / panic / attack
pYyuaJ584oc,-1,Outlier
PZMWdRnm8Wg,2,game / dopamine / brain
pzOERENzeeU,1,game / dad / friend
Q0Wo1h8tOxU,7,depression / therapist / therapy
Q13Uak9gTBo,9,parent / boundary / kid
q1yveFEoghU,2,game / dopamine / brain
q225u22Qn1g,9,parent / boundary / kid
Q2qo3jfP6mw,-1,Outlier
q3gJpM1zX5k,-1,Outlier
q3kbXwKOstk,5,adhd / brain / medication
q3qi-a2FcQ0,-1,Outlier
q4HzOLveB8M,15,pornography / porn / addiction
q5-baYkzjyo,-1,Outlier
Q5hAOk13tRA,-1,Outlier
q5NkUPMDoO4,7,depression / therapist / therapy
Q62r9T_Rw34,2,game / dopamine / brain
q7BWtV0I8Wk,-1,Outlier
q7c2pVEvBac,0,motivation / job / brain
Q7OX3cZ3cpA,5,adhd / brain / medication
q87zE7KsAvQ,18,anxiety / panic / attack
Q8po4a9pZDQ,-1,Outlier
Q8VM8m2V-Co,1,game / dad / friend
q9E69XouhCk,9,parent / boundary / kid
q9EWTO_7XYM,13,comparison / insecurity / ego
Q9hZJBeVj9s,1,game / dad / friend
Q9ih9fL8gxc,-1,Outlier
QaBjMHOzXEc,3,trauma / anger / emotion
qaLEmSXXvIo,-1,Outlier
QBIgu3sv96Y,1,game / dad / friend
QB_JqH_EpKY,-1,Outlier
qbPpZCjeur8,-1,Outlier
q-byTf9466Q,-1,Outlier
QcUl1dJZkJA,-1,Outlier
qCvYpfQktjg,-1,Outlier
QCwqtCoQtpQ,-1,Outlier
qdgJP1QwkD0,-1,Outlier
QeIOll0IQ9E,-1,Outlier
QEsc1ObYeFk,4,relationship / love / friend
qF3Hf-rUIiw,-1,Outlier
qg0H8xhoVi8,-1,Outlier
qgzW3x5GxBw,-1,Outlier
qHaNUzgWNl4,2,game / dopamine / brain
QINAkbBrFKw,1,game / dad / friend
Qip1trjMbK8,5,adhd / brain / medication
qiSQ1pCvXz0,6,gender / dude / emotion
Qj7QGthvAdk,-1,Outlier
QJvHglNMsqc,15,pornography / porn / addiction
qJYhra8JlAc,6,gender / dude / emotion
qkaPV_VLyrA,1,game / dad / friend
ql5sWIEAcFw,8,interaction / extrovert / introvert
qLSOHCnpA5c,18,anxiety / panic / attack
qM1h9o6kIrc,20,sex / asexuality / penis
Q-MCpOCOhX8,-1,Outlier
QMF2nXsMreE,5,adhd / brain / medication
qnAMt5D8fTQ,28,food / weight / diet
qnkiGNyuny4,1,game / dad / friend
QogYeAjYb88,10,addiction / substance / cannabis
qoJXryOx0uU,5,adhd / brain / medication
qoR72-aM4mI,-1,Outlier
QoX-hSCZX14,-1,Outlier
QP5mo-JLWCM,9,parent / boundary / kid
QRtq2boQq5c,0,motivation / job / brain
qS205o-LlLg,9,parent / boundary / kid
QSl3maBt7lw,-1,Outlier
QSR3P9jayPo,1,game / dad / friend
qSxswEcBQws,-1,Outlier
qT1sVLArGrI,5,adhd / brain / medication
qt21oWluBjs,7,depression / therapist / therapy
Q-tiTTvkHpw,9,parent / boundary / kid
quj1DHa_8Bc,0,motivation / job / brain
QUjYy4Ksy1E,23,kid / intelligence / intellect
QuPbUkDe9iQ,0,motivation / job / brain
qvaB2d5yDf8,18,anxiety / panic / attack
qVnA5LN3iSw,-1,Outlier
QWbeiAt-gXg,-1,Outlier
qWD9eekT0tQ,17,flag / relationship / partner
Qwe-LCxAYp0,23,kid / intelligence / intellect
qwQrwPhK06I,-1,Outlier
Qwu_KIEt1dM,0,motivation / job / brain
qX5_JLl3wYg,-1,Outlier
qXaXB3-d9Aw,-1,Outlier
Qxqn1sy8PBQ,15,pornography / porn / addiction
Qy0uP2Rx55s,-1,Outlier
qyramLcTM30,-1,Outlier
QyWGvouCaYk,-1,Outlier
qyXiJPcc6OY,5,adhd / brain / medication
qZl8CPCremk,27,vision / contact / introvert
qzONjjc4wQ8,-1,Outlier
qZOzHOSTIsc,-1,Outlier
r0BZK5doqRg,-1,Outlier
R0pr6yBzGc8,13,comparison / insecurity / ego
r1BLGVgB3WY,18,anxiety / panic / attack
r1C5ORBGXRM,17,flag / relationship / partner
R1V94J_Skwo,15,pornography / porn / addiction
R2rZ5rriVLU,-1,Outlier
R3eRlZK0yxo,0,motivation / job / brain
r3Gn07bVFBY,-1,Outlier
R3OUpqMnWjo,8,interaction / extrovert / introvert
R3p7lZzzJso,2,game / dopamine / brain
r4CRYVbIkTM,4,relationship / love / friend
R5blEEWWuEw,6,gender / dude / emotion
r5s2wxt-Or4,6,gender / dude / emotion
R6DRjUYQpCc,2,game / dopamine / brain
R78f97Lu0G8,-1,Outlier
R7gWp3BHbOY,20,sex / asexuality / penis
r7VkQupOQQQ,4,relationship / love / friend
r90eeUyJCAs,-1,Outlier
-R9tqb11gL4,-1,Outlier
R9ykreOVIWE,-1,Outlier
rA4zectrEOo,14,burnout / employee / job
raFiAHMh5dI,11,sleep / bed / caffeine
rbA4fUM9n5U,-1,Outlier
RBcDeFc_DeA,1,game / dad / friend
RbMRUattUB0,10,addiction / substance / cannabis
rc1nqXuukAU,17,flag / relationship / partner
rcCRyY8YkNY,-1,Outlier
rCFeRzOqPcw,4,relationship / love / friend
RcM5tix996s,3,trauma / anger / emotion
RcnjoCeekN8,13,comparison / insecurity / ego
rd30sC8Aspc,-1,Outlier
Rd34K04ktEY,26,loneliness / arousal / being
Rdk-rQRU5og,1,game / dad / friend
RE5bxZFcAn4,-1,Outlier
re5ev-iSDcY,2,game / dopamine / brain
RELVWno3Ulc,-1,Outlier
RfL0H9IiU9s,0,motivation / job / brain
_rg9khFFTe0,13,comparison / insecurity / ego
rGFK1DAgal0,-1,Outlier
RgGL88_6l8A,1,game / dad / friend
RgkluvWPmeY,11,sleep / bed / caffeine
RGqLbCFM7dA,3,trauma / anger / emotion
rGUsOt5K_uk,-1,Outlier
rhDd48d-YvI,11,sleep / bed / caffeine
rIc49qbpBAg,25,bully / aggression / bullying
rKJf98jdxz0,-1,Outlier
RK_XPzTvcgQ,-1,Outlier
rL25sKpzaGc,-1,Outlier
rl5ABIkYqro,26,loneliness / arousal / being
RlCmddyDeTI,4,relationship / love / friend
RleHi--swsc,-1,Outlier
rLG2Yo7IEBQ,14,burnout / employee / job
rL_ougiNTYA,22,psychosis / chatbot / risk
rlRmn9oiytc,-1,Outlier
rMnefv96k_M,1,game / dad / friend
rN_1VGkRkYA,5,adhd / brain / medication
RnccKcN82Dg,-1,Outlier
rnHtBTCdgyk,5,adhd / brain / medication
rnQ5b1n1eeY,-1,Outlier
rOIkbBhG1dI,2,game / dopamine / brain
rOi-SrJB6vI,-1,Outlier
ro-MOEpAFwA,4,relationship / love / friend
RPzV8fWmKPY,-1,Outlier
rQ2xnThRGPg,0,motivation / job / brain
Rq6K7yxaNaM,5,adhd / brain / medication
rQTXiQcS5Dg,18,anxiety / panic / attack
rr4LjzbFd1o,0,motivation / job / brain
rRkGQA94bA4,-1,Outlier
rRthWUrrpu0,-1,Outlier
rShhsoxT-N8,-1,Outlier
RSL1wyIQXfM,-1,Outlier
rT5PN7IhyPc,3,trauma / anger / emotion
rtfJLDlqAho,-1,Outlier
RTwk_iHOZv0,-1,Outlier
Ru80qWnz5SU,8,interaction / extrovert / introvert
RUePwWspKHI,-1,Outlier
RUMw_JqQh4w,2,game / dopamine / brain
rUpZj2G-m6o,11,sleep / bed / caffeine
RuRFrs61fEo,-1,Outlier
RuSqQR1xlRA,-1,Outlier
RV2rOI0ewhc,-1,Outlier
RVt9bTXoiwU,-1,Outlier
Rw3BFldM1ec,-1,Outlier
RWbr9zOOVbQ,1,game / dad / friend
RwIx9lii4ns,1,game / dad / friend
RXaXLTmZChk,16,narcissist / parent / narcissism
rXgv9EL3esg,2,game / dopamine / brain
rXuNsfaDqgY,3,trauma / anger / emotion
RXWUO6Bqdc8,7,depression / therapist / therapy
RXyJklbroM0,-1,Outlier
ry0zG2n0Hyg,-1,Outlier
RYfoprQKAj8,15,pornography / porn / addiction
R_yk8glAufs,26,loneliness / arousal / being
S02IS0eut2w,-1,Outlier
s08xYtHIWPY,0,motivation / job / brain
s0aIkMohDTY,7,depression / therapist / therapy
S0ud9-UGnBk,-1,Outlier
S1kQUpPtsGk,27,vision / contact / introvert
s1Swy_6_5y4,0,motivation / job / brain
s2A1Km4Utjw,-1,Outlier
S2BgN6Juc3k,-1,Outlier
S3fPGFG87NA,-1,Outlier
s3krClKjSUE,-1,Outlier
S4KRI8o20zI,9,parent / boundary / kid
s4qOx7l1_ww,1,game / dad / friend
S4trto_34Gk,-1,Outlier
s4xggd1zfYQ,0,motivation / job / brain
s5cjlHMkOUM,1,game / dad / friend
s5-k0ibNFvU,17,flag / relationship / partner
S5sh14Gk0c4,2,game / dopamine / brain
S6kRGJlugiw,22,psychosis / chatbot / risk
s7fjjhZuhms,-1,Outlier
s7ywhZ4ESU0,9,parent / boundary / kid
S9234xZERbs,-1,Outlier
s9LxUqvMMYw,-1,Outlier
Sa3XVvbruXk,10,addiction / substance / cannabis
SATPpH-UNek,0,motivation / job / brain
sb4j96fIL0M,2,game / dopamine / brain
sc3ycMvyuoo,-1,Outlier
ScS7dEFVh94,15,pornography / porn / addiction
sctts1tjQ1I,1,game / dad / friend
ScuGKDgdxaI,1,game / dad / friend
sDa30LoV6Ec,-1,Outlier
sdeqYQZ3t5U,16,narcissist / parent / narcissism
sDhhuI3VE-Q,1,game / dad / friend
SdlD8Pl4T5E,-1,Outlier
SEGzDIA22Jo,3,trauma / anger / emotion
SEQnFXc_QQs,-1,Outlier
SfxUsqZAFWE,-1,Outlier
sFYRYSq64FY,8,interaction / extrovert / introvert
shg00NH34gU,2,game / dopamine / brain
sHQ-rEcPQSs,-1,Outlier
SHZXUMP_hlU,-1,Outlier
si7XcdMQUQk,8,interaction / extrovert / introvert
SiAj1KPt-eM,-1,Outlier
SiFlnf--5EA,0,motivation / job / brain
s-ITMcC1JNg,-1,Outlier
SjB11PaK5ak,5,adhd / brain / medication
sje08Z_K1qA,-1,Outlier
SJjegKr9XYw,-1,Outlier
Sk_AQzcdlrc,-1,Outlier
Skn4ddl5o64,-1,Outlier
sLbDESxRuLI,1,game / dad / friend
slBuncIkm4s,11,sleep / bed / caffeine
SleABv6Gs9o,4,relationship / love / friend
SM1-bF1Wz2M,-1,Outlier
smbIQ7XBarI,-1,Outlier
sn4ic7ftesw,-1,Outlier
snRypGclQWQ,-1,Outlier
So7hE1Ba_QA,0,motivation / job / brain
SOb_JbbyCIw,-1,Outlier
sOPyJR0pDxA,0,motivation / job / brain
SorzQMxThIo,3,trauma / anger / emotion
sp9JT5l9bRg,1,game / dad / friend
SpP5GEs7yMk,-1,Outlier
sQC0jfH_rrM,23,kid / intelligence / intellect
SQpxWpq6TAQ,17,flag / relationship / partner
sRbh9-Lp3lI,13,comparison / insecurity / ego
SRlmUeDc8Fs,0,motivation / job / brain
srTSQRKH_wY,13,comparison / insecurity / ego
ss7QOgJJlVQ,-1,Outlier
st7TPJWNWl4,23,kid / intelligence / intellect
STt2l3Z0T_g,-1,Outlier
STTNckJrJ0g,4,relationship / love / friend
sU5Dk7fi9go,-1,Outlier
SUgJdsTCs0E,2,game / dopamine / brain
SuuA3zsjY88,8,interaction / extrovert / introvert
Sva0aSeGu6Q,-1,Outlier
svD71EJWOBU,5,adhd / brain / medication
sweiJRe7B08,6,gender / dude / emotion
SW-L6wVEHoY,11,sleep / bed / caffeine
sXGhT4pJcj8,-1,Outlier
sxhYZ6sHa4k,4,relationship / love / friend
SY0BNyFeQ9Q,6,gender / dude / emotion
Sz9bg3GMNGU,5,adhd / brain / medication
sZC8tkYjFxU,11,sleep / bed / caffeine
_t0jCsU_5v4,1,game / dad / friend
t0kXgWxT-tY,6,gender / dude / emotion
T0Sko40C7ow,-1,Outlier
t1phiNOJtk0,8,interaction / extrovert / introvert
T2ke5iJ0AAk,18,anxiety / panic / attack
t2ncNPVAMpk,-1,Outlier
t2wY_aenuWw,-1,Outlier
T_31hFh1XKM,0,motivation / job / brain
t3Acu22d5n0,-1,Outlier
t3l8_iYA7rk,11,sleep / bed / caffeine
t3vblH6Q1Cw,4,relationship / love / friend
t4ZWfTarZIY,-1,Outlier
T5yDfN7eGaI,2,game / dopamine / brain
t6nRYNia1Po,-1,Outlier
T6p_tY5xjTA,1,game / dad / friend
T6WYNraczOE,20,sex / asexuality / penis
t7DMw_JJLT0,-1,Outlier
T8c6vN6DnEA,1,game / dad / friend
T8mkumtSZds,0,motivation / job / brain
T8tq0xiOwKI,2,game / dopamine / brain
T8u25zHD6vc,7,depression / therapist / therapy
T9Ak0bSySo8,25,bully / aggression / bullying
t9gLFGj0_lY,-1,Outlier
T9Kya_eZ-P4,20,sex / asexuality / penis
tAFoBIfUsxM,7,depression / therapist / therapy
TAiMaC4-pKA,0,motivation / job / brain
TANWZC_q2NA,-1,Outlier
TATiapf0tF4,-1,Outlier
taTuohSr9iw,10,addiction / substance / cannabis
tBB-a2tRyvI,-1,Outlier
TBIfyh_lTlw,-1,Outlier
tbjTrR8yeUc,-1,Outlier
tBOnTDlcSpA,1,game / dad / friend
tcffRCn-WqM,-1,Outlier
TCN1DOYW86g,10,addiction / substance / cannabis
tcXCnYs6s_U,0,motivation / job / brain
TdltLVB_VzY,3,trauma / anger / emotion
TdnkU2OZwV0,0,motivation / job / brain
tDoCXVI77KE,21,shame / self / emotion
_tE4uN6LLN4,4,relationship / love / friend
TEadDxJ6W58,4,relationship / love / friend
tEgQA18SFio,-1,Outlier
Tf_7svuy9gA,1,game / dad / friend
tfbM6vYsW9g,-1,Outlier
TFh3DjocPLY,0,motivation / job / brain
tfnGGMgPn1Y,-1,Outlier
TGAmsPBXmVM,-1,Outlier
TGGwCG6AFz4,-1,Outlier
Th4PejGz1Ic,6,gender / dude / emotion
thMtsLXDUtg,0,motivation / job / brain
tIATzLf-y04,1,game / dad / friend
TImmiAS1USQ,0,motivation / job / brain
TJamRNZ1Q_M,0,motivation / job / brain
tJCXwNrK700,1,game / dad / friend
t-jNwBNXeJY,1,game / dad / friend
TjTqnjILCmw,7,depression / therapist / therapy
TkIZ7XkKyHI,5,adhd / brain / medication
tLHTHSI2gv8,16,narcissist / parent / narcissism
TLignTQm5iA,5,adhd / brain / medication
_tLxPkbXkEc,-1,Outlier
tMcCi_nA6a0,7,depression / therapist / therapy
TMCWVSR2qxs,-1,Outlier
TmG4sFmSWVo,-1,Outlier
TMjCJLbsCE0,-1,Outlier
TmPjGyvELRc,1,game / dad / friend
TmQSN_Yq0uQ,14,burnout / employee / job
TMwYzYXhiog,-1,Outlier
TNE9WSSH2J0,3,trauma / anger / emotion
tNN7gX1KIsQ,-1,Outlier
t_NRIVq2vzM,-1,Outlier
TOra1I7Fods,1,game / dad / friend
tpfBu-PnWJ4,0,motivation / job / brain
Tpl4caQ7kCI,0,motivation / job / brain
tpTCbZbotTI,14,burnout / employee / job
tQ0bpBXSA2g,7,depression / therapist / therapy
TQ3YPuOo1LQ,0,motivation / job / brain
_tq6FHP9iXw,-1,Outlier
tQ7hjxKLDas,5,adhd / brain / medication
TQO7A6vInv0,28,food / weight / diet
tqySbPgiFBw,7,depression / therapist / therapy
TQzCUn_TpUc,1,game / dad / friend
TqZIlDlnkmw,3,trauma / anger / emotion
Tr3D_6sFoiI,4,relationship / love / friend
tRkvDgIo8y0,-1,Outlier
TRsEi1Ce-XA,3,trauma / anger / emotion
tRWX21lW_bU,0,motivation / job / brain
tRYCnJmLNZo,5,adhd / brain / medication
TSBd_Ku1Zf0,-1,Outlier
tsjoyXujY9I,-1,Outlier
TSM3X-UfEHM,-1,Outlier
T-sphXaWLCI,-1,Outlier
TsPPYtM6-RE,0,motivation / job / brain
tULu-lYmNtk,1,game / dad / friend
TumgOCSUsWo,-1,Outlier
TUvTP6VRuKU,1,game / dad / friend
tv0pytOc2Vo,-1,Outlier
tvpDLpCf1jU,4,relationship / love / friend
TvRtVuwcrnY,1,game / dad / friend
TW0ys0M9Lig,-1,Outlier
TweW2IRSl_E,-1,Outlier
TXgWpjoFe1c,0,motivation / job / brain
tXIF_DRW2Sw,9,parent / boundary / kid
TXnVcJ0vGbI,1,game / dad / friend
TxOsUzlXTGk,0,motivation / job / brain
TXz7K2bHMqs,-1,Outlier
tYxdVVzTZ_Y,3,trauma / anger / emotion
TZ4QETbc3h8,0,motivation / job / brain
TzCRB0olZdQ,2,game / dopamine / brain
Tzo_s9q4fwM,3,trauma / anger / emotion
tZu4Gg3fDEs,-1,Outlier
tZub0X8dl9M,-1,Outlier
U0jyfgdrsmk,2,game / dopamine / brain
U2YJFMThHxo,16,narcissist / parent / narcissism
U3inYgHzqEQ,5,adhd / brain / medication
u4E0BeqiFaE,1,game / dad / friend
U50YDViTBSk,-1,Outlier
U7aCErWwi4I,16,narcissist / parent / narcissism
u7BBdM0SKgQ,10,addiction / substance / cannabis
u7L8ooioBxM,-1,Outlier
u7_lORO5mlo,3,trauma / anger / emotion
u7TfJXkDh8o,12,meditation / technique / practice
u8H4_dz1_jY,0,motivation / job / brain
U8jgr2tcOeY,1,game / dad / friend
u8m7x987i60,-1,Outlier
UA3Lf5Zynk8,24,generation / formula / despair
UA4THZ4ahzc,1,game / dad / friend
-UAeSxgGmL0,0,motivation / job / brain
UB51knNPiDk,13,comparison / insecurity / ego
UbGZaGzWdfs,-1,Outlier
uBiCK84EW38,6,gender / dude / emotion
uD5A8O9shuU,10,addiction / substance / cannabis
UDBHegKf7oY,15,pornography / porn / addiction
uDDeves6Crs,-1,Outlier
Udo0k_-iC1g,0,motivation / job / brain
UEc2Vkwy_TM,10,addiction / substance / cannabis
uEEfeSuD_Po,15,pornography / porn / addiction
uf8bt6fGQyA,6,gender / dude / emotion
Ufn_VvEXtRo,28,food / weight / diet
UfpZZeRen1c,-1,Outlier
UGPpXYUcAfg,6,gender / dude / emotion
uGU-lklyu-I,-1,Outlier
Uh0VLF4p7ow,0,motivation / job / brain
-UHnJ2NYSRU,5,adhd / brain / medication
uiAy32EzXFA,-1,Outlier
UigGWCXzWJ0,1,game / dad / friend
UJq84bwVJYc,-1,Outlier
uktaRGdY-IA,2,game / dopamine / brain
UKUfMCv2id8,2,game / dopamine / brain
uKxRYH1ZC5I,3,trauma / anger / emotion
ul9UJ-YoOFQ,-1,Outlier
uL9xJkYXX7s,-1,Outlier
ULJ3wJ5GNBY,25,bully / aggression / bullying
UMbzbaoivdM,-1,Outlier
uMJAXBg3qos,-1,Outlier
uMK4gdR7c18,5,adhd / brain / medication
UNfXKlfsXto,0,motivation / job / brain
uNIOA-djRLU,0,motivation / job / brain
UNsWI3ZnZqM,0,motivation / job / brain
unUt3qyluDQ,-1,Outlier
UnwZvHzGL_k,-1,Outlier
UohoxLEEGPE,-1,Outlier
UOLB-4MbrSw,28,food / weight / diet
UOpX18ey8WQ,-1,Outlier
UPf3outcC6U,-1,Outlier
-UQ2fZ9o2f4,23,kid / intelligence / intellect
Uq8bxCVA7h8,22,psychosis / chatbot / risk
UqMBSQwDdnA,4,relationship / love / friend
uQxC4k336hs,1,game / dad / friend
UrQxLp9Ee2k,-1,Outlier
Uu2vnc7nrlY,6,gender / dude / emotion
UUC8qF5iDag,1,game / dad / friend
UUNW0s0eUCU,-1,Outlier
uVGuOTQ4gtI,-1,Outlier
uVlZo2PO38Y,2,game / dopamine / brain
uVVxkWhdnUQ,7,depression / therapist / therapy
Uvy52QhxWOI,19,hour / work / technology
uwd8jyhw7vA,2,game / dopamine / brain
uwt5tWBHKoI,-1,Outlier
uWZTuYuC6os,12,meditation / technique / practice
UYBWMkH4X6I,0,motivation / job / brain
Uy-n4MXx-DE,-1,Outlier
UyUirzxxkZ0,2,game / dopamine / brain
UzT0iCprr9c,-1,Outlier
uZtRU4dfbGU,2,game / dopamine / brain
UzUAhehTSbc,-1,Outlier
V15UBd4Nlhc,-1,Outlier
v202nRkphXo,-1,Outlier
v2VlaEjY7nY,-1,Outlier
V4ta_jcw5zY,1,game / dad / friend
V6iqYtuIbrY,4,relationship / love / friend
V6VAMw8o5lU,2,game / dopamine / brain
V8DBP3p5Eqc,5,adhd / brain / medication
v8Ka8XAeQ_I,-1,Outlier
v9D11_K5T8c,-1,Outlier
v9Z0sDvH3jo,-1,Outlier
_VauPovzNo4,3,trauma / anger / emotion
vb1e-eaenxQ,26,loneliness / arousal / being
vBdgpxqYkQ0,12,meditation / technique / practice
VBifDZwPiI4,0,motivation / job / brain
vcBr1LQyMmw,18,anxiety / panic / attack
VdM7GUvvL9Y,-1,Outlier
VEBDy7h_2y4,0,motivation / job / brain
VEJuXe0oT_8,3,trauma / anger / emotion
VEo8za2tYrs,-1,Outlier
veQdF0qOjfQ,2,game / dopamine / brain
vFoG5FsRKHU,-1,Outlier
_vfpl3Au9s0,-1,Outlier
vFT1qbK-5W0,-1,Outlier
VFTTSuv906c,7,depression / therapist / therapy
Vg69e3Si66Y,2,game / dopamine / brain
vHIuP8IcUEU,-1,Outlier
vhUa7V72H5s,-1,Outlier
vhurfjC72Hk,0,motivation / job / brain
vhW92-LbCzI,2,game / dopamine / brain
Vi0V6vtrOeQ,0,motivation / job / brain
vILLLhJtURA,-1,Outlier
VjHb1NJ_SAQ,-1,Outlier
v--K1gevJPM,-1,Outlier
vKh38_IOjpI,0,motivation / job / brain
vknr0JnEgAQ,-1,Outlier
vLgYAPpPlDI,5,adhd / brain / medication
vm01Yx8yLVI,2,game / dopamine / brain
vMtQnKW71EM,-1,Outlier
VmYXvkFZ664,-1,Outlier
Vn0yE_1ezWQ,-1,Outlier
vNh_1YD40tQ,5,adhd / brain / medication
-VNhuxd_DUc,-1,Outlier
vnIt8g9MpOw,-1,Outlier
VO5d5rSVByI,-1,Outlier
v-OKV30FkzY,0,motivation / job / brain
voSPXSxBkZ8,1,game / dad / friend
vpN2AGEuTHY,3,trauma / anger / emotion
VPYOY6JquwY,-1,Outlier
vQesPGQciUs,1,game / dad / friend
vqhIx2nyFVM,-1,Outlier
vSWtimAcmWU,-1,Outlier
vt584zeZh9Q,-1,Outlier
vt9P98sZZog,-1,Outlier
Vtc-Ji5o0OI,7,depression / therapist / therapy
vUe0whPgUWU,6,gender / dude / emotion
vunPCeoynXk,7,depression / therapist / therapy
vUPBzXnoWAo,-1,Outlier
VVHIJw-Bosk,5,adhd / brain / medication
vVk7D4pwlfU,-1,Outlier
VVPHVLTzOIM,-1,Outlier
vwM9dv01SYw,1,game / dad / friend
vw-RHJ4rHhw,-1,Outlier
vYNDy7URD9o,2,game / dopamine / brain
VzLOnClSVvs,-1,Outlier
vZxKgjI-BrE,-1,Outlier
VzYFzZ_Jmlk,-1,Outlier
W1aVOyC6uAE,0,motivation / job / brain
w2an158r8zQ,6,gender / dude / emotion
w3PoGYrd3NU,-1,Outlier
w3x_NZXNSys,16,narcissist / parent / narcissism
w56da9Ch9tY,16,narcissist / parent / narcissism
w5HhFDIoNEs,-1,Outlier
W5SKxUwvJN0,26,loneliness / arousal / being
w5UNl5OJLDw,-1,Outlier
w62TfiiUmFc,2,game / dopamine / brain
w6xKRSWTJUg,8,interaction / extrovert / introvert
W7NDHQxXHyo,0,motivation / job / brain
_W7qCfaF7s0,0,motivation / job / brain
W96w59m8N98,5,adhd / brain / medication
W96yNjU_KFE,-1,Outlier
wa9xMLJ_yHU,2,game / dopamine / brain
wAO6iJp7OB8,-1,Outlier
War-J246hxI,-1,Outlier
Wb-2acNvOj4,-1,Outlier
WbOKu3sGU0Q,1,game / dad / friend
wbsNjmDGtPU,3,trauma / anger / emotion
Wc45JanI0QM,1,game / dad / friend
_WCdacI0ok0,13,comparison / insecurity / ego
wClbvzN8VlY,15,pornography / porn / addiction
wcOZAwZKC3g,-1,Outlier
WdM8r6R3FfM,10,addiction / substance / cannabis
wE6lZUwjtHg,10,addiction / substance / cannabis
wEPZPRhNGGw,0,motivation / job / brain
wF5lt3Pjils,1,game / dad / friend
wFpDizuIOig,10,addiction / substance / cannabis
wg5gYiKCLXA,-1,Outlier
wGuMNUC14W0,-1,Outlier
wGxure2qGt4,0,motivation / job / brain
WhfssxI2m7I,-1,Outlier
WIwcvBlyl0c,0,motivation / job / brain
WJK3w5E4omY,3,trauma / anger / emotion
Wk4fybrnUEY,1,game / dad / friend
wK-s2qBU40A,-1,Outlier
WKwNjGrPe_g,1,game / dad / friend
wllgjhJZLRo,1,game / dad / friend
WlQtr6QfxE8,-1,Outlier
w-MB1PDThEg,-1,Outlier
WMEej07FEv4,-1,Outlier
wmJJuk88r5E,-1,Outlier
wMPTyjl-jvc,-1,Outlier
WNa3-r0dt8c,-1,Outlier
wO2zso1Kfxc,-1,Outlier
WoTP_fu_8jw,-1,Outlier
WpoYqs9Hsa4,-1,Outlier
WQ5bkdFuFhg,-1,Outlier
wrfUqZdBB1s,0,motivation / job / brain
wSDTYTIJVrs,21,shame / self / emotion
wsGrMgtsKOs,-1,Outlier
w-SJ74PiIKM,13,comparison / insecurity / ego
WSTik_3je8E,-1,Outlier
WtQ8a-oc1lA,-1,Outlier
wTW2qwjeD_g,-1,Outlier
WuKeZKIs9_A,10,addiction / substance / cannabis
wV2ilRy4ekY,3,trauma / anger / emotion
wVkZ-P7xL-s,3,trauma / anger / emotion
WvUgSwgit5A,1,game / dad / friend
wvXMLR94iQw,-1,Outlier
WwNhNBeVpdY,3,trauma / anger / emotion
wwYVOgwVaMo,11,sleep / bed / caffeine
Wwze8kV2JrA,4,relationship / love / friend
wXlNZ5AMqLU,6,gender / dude / emotion
WXvPzYRNpCE,1,game / dad / friend
WxztYqyjTn8,1,game / dad / friend
wYaIUWE6-nE,3,trauma / anger / emotion
wyiTc_3F6-A,21,shame / self / emotion
WY_k3WkQD9w,-1,Outlier
WYpBNkq9XXo,-1,Outlier
wz58kYud09M,1,game / dad / friend
wZbjtM7rG2g,-1,Outlier
WzpGlsguHzc,-1,Outlier
WZUOnhpqFAM,18,anxiety / panic / attack
x0Tq9NmXksw,21,shame / self / emotion
x1NVTCvErww,1,game / dad / friend
X3AHNXmeOYQ,1,game / dad / friend
x3RGdhl7-NA,10,addiction / substance / cannabis
x4UMqwsLaQU,3,trauma / anger / emotion
X5N3YYqtJ_w,-1,Outlier
x6nrioW0_Co,25,bully / aggression / bullying
x6NSpxthHw4,-1,Outlier
X6_R5xmq-RE,0,motivation / job / brain
x8RSxF5j6OE,-1,Outlier
xAgrVgw2S-c,-1,Outlier
xaICKlp9kQc,2,game / dopamine / brain
XAixodBCZ3o,11,sleep / bed / caffeine
xAOFlEXbeRI,-1,Outlier
XArRsEpryaQ,1,game / dad / friend
xb0ZpPZS_XE,1,game / dad / friend
xbqBWhDdVok,-1,Outlier
xcEVntNv9ik,-1,Outlier
XD8l8AJzLMQ,-1,Outlier
xDK6yj2glGg,-1,Outlier
XEb89CQJPO4,-1,Outlier
XeBksMzsQKs,2,game / dopamine / brain
XEsK2sTiBuE,-1,Outlier
xFtTf_D22_I,10,addiction / substance / cannabis
XFVrxndqfSM,-1,Outlier
xFxl8V8TFeA,16,narcissist / parent / narcissism
xgCx86aGCg4,-1,Outlier
Xge957JuWzQ,5,adhd / brain / medication
X-HAW94b0uo,-1,Outlier
xHmDJyVT3g0,6,gender / dude / emotion
Xi9zTVM60mo,1,game / dad / friend
XICFqibVbGw,1,game / dad / friend
xicKh0fPzdE,-1,Outlier
xIWYVU7OAZ0,3,trauma / anger / emotion
xkd36cJ6Z78,-1,Outlier
XkOTwizxo2Q,-1,Outlier
XKXObJknvh8,-1,Outlier
xkXpcs_an80,5,adhd / brain / medication
xLe7WIGyLNA,0,motivation / job / brain
XLPWuP6L2Bk,-1,Outlier
XlzSx3kbR4c,-1,Outlier
XmLdokrhswA,1,game / dad / friend
xN2S4t37lnc,2,game / dopamine / brain
xnGwgxOL4AE,7,depression / therapist / therapy
XnTpuZrE6Co,-1,Outlier
xnuDmmDu7is,-1,Outlier
xNWjEwtNMrc,16,narcissist / parent / narcissism
Xob07qBNYJ0,-1,Outlier
xoFkAui7_vs,8,interaction / extrovert / introvert
XoJ-qfTAIjE,-1,Outlier
XOoFuiLeaPg,12,meditation / technique / practice
X-ot9682-1w,-1,Outlier
xOVEkogq5QQ,4,relationship / love / friend
xp6Uhgpvfgs,-1,Outlier
Xpc5UPxYlks,-1,Outlier
XpTutIEyDVI,22,psychosis / chatbot / risk
-xqPVxsFdP4,-1,Outlier
X-s6WeLOOck,-1,Outlier
xSBGYoS6z68,-1,Outlier
XtDBtmE5Jpo,1,game / dad / friend
X_tiJDYgSXg,-1,Outlier
xtZ8QHoccbc,-1,Outlier
xu1UYsVNubg,-1,Outlier
XV42dRrHYaM,19,hour / work / technology
xV4rI8bo018,-1,Outlier
XvrtrqPVhIk,-1,Outlier
XW-02QiiHDM,14,burnout / employee / job
xW9H0s2PcoA,0,motivation / job / brain
xWJEuVt0JRk,5,adhd / brain / medication
xWtY6fcn1hM,1,game / dad / friend
xWxXyoOil1E,8,interaction / extrovert / introvert
xxB2KilQbSU,-1,Outlier
Xxb-HovgjjM,-1,Outlier
XXg0a8pkHi0,-1,Outlier
xxvMYGT23Ww,18,anxiety / panic / attack
XXY134BXZFg,-1,Outlier
XY4FyYxuVu0,24,generation / formula / despair
XYG1R19erOA,1,game / dad / friend
XYprU-pnX08,0,motivation / job / brain
xySZ6OulWeQ,-1,Outlier
XZdDtw6ObWE,16,narcissist / parent / narcissism
XZn_BoSg3cE,0,motivation / job / brain
xzOrZtAbbBo,-1,Outlier
XZP7gyFbhjI,4,relationship / love / friend
XzsQuH03Y9o,1,game / dad / friend
y0p6uwvgvwE,-1,Outlier
y0wziXfR-Gk,2,game / dopamine / brain
y29TVZTbA8g,1,game / dad / friend
y31i_FXNQRo,-1,Outlier
y3gW3abT1hI,0,motivation / job / brain
y49PZcSSSiU,1,game / dad / friend
Y6XCoeh7rBA,-1,Outlier
y7UjKdsRQQs,19,hour / work / technology
Y8uf9Pn1Ttg,1,game / dad / friend
y9882cM-bzU,-1,Outlier
y9J1IWYuRYc,11,sleep / bed / caffeine
YadPnNRO7_M,6,gender / dude / emotion
yaSKT2w98M4,3,trauma / anger / emotion
YB1F_b2kIFM,13,comparison / insecurity / ego
yb9wTLLr7Ls,-1,Outlier
yBYrzluRxRI,-1,Outlier
ycft2j9dcz8,20,sex / asexuality / penis
YCpUzMVlMck,-1,Outlier
YcykHkR7HQI,0,motivation / job / brain
Y_DAF-eA3Ms,7,depression / therapist / therapy
yECwJ3TsQBs,-1,Outlier
-YEoDAu1ET0,-1,Outlier
yEsFPaOQKoA,0,motivation / job / brain
yeStc2ZuuOs,-1,Outlier
YewHIMDbUuI,3,trauma / anger / emotion
yfWVQ25UmEQ,-1,Outlier
yggpR7LphVQ,-1,Outlier
yGJXaXxGamY,-1,Outlier
YGLMSgGCIPo,9,parent / boundary / kid
Yh99stRNXzU,-1,Outlier
YHIVYeL-Tk4,-1,Outlier
yHoByyyHJ8c,4,relationship / love / friend
YHpU8Wczxhk,3,trauma / anger / emotion
YIIewz4ni70,-1,Outlier
YiUSQzV1Aqo,8,interaction / extrovert / introvert
YJajF0nGHW8,1,game / dad / friend
YJllOC16ihk,-1,Outlier
yKDb-ZiKkeM,-1,Outlier
YkzSEUdC70k,1,game / dad / friend
Ykzu99TXeNo,1,game / dad / friend
ylCmKnpw9Aw,7,depression / therapist / therapy
YLO3XpPOEP8,-1,Outlier
ym9L4uKJ4rk,7,depression / therapist / therapy
YMdSke_c_DM,1,game / dad / friend
ymiCMQlg_rU,18,anxiety / panic / attack
YMWAQh88UtY,-1,Outlier
Ynew5KSbAQQ,-1,Outlier
ynLJYq7Kb6c,-1,Outlier
YNOQzE1XTdU,-1,Outlier
ypFlWqtR3TY,0,motivation / job / brain
yph9VpjW6gg,12,meditation / technique / practice
YPuXFuGteXg,0,motivation / job / brain
yQe3rCTos30,-1,Outlier
yqHPyrZUJWA,2,game / dopamine / brain
yqLhrqBr0xo,-1,Outlier
yQwzSgwiaCg,-1,Outlier
yQX7Wh6_R-I,-1,Outlier
YRKyliOVZVI,-1,Outlier
yRVfuWHTP94,-1,Outlier
YRwb-eUrso4,-1,Outlier
YsBS-3azPsY,8,interaction / extrovert / introvert
ySc9QaQuVKE,9,parent / boundary / kid
YSO_SBfjChA,-1,Outlier
Yu7x4em0qOc,-1,Outlier
yUGeyJSfJu4,1,game / dad / friend
YuK4qgJCyHE,0,motivation / job / brain
YuLfFqPFrkc,7,depression / therapist / therapy
YUSi9tzdNiE,-1,Outlier
yV7woBdQXjQ,-1,Outlier
yvJFPP5UgUc,-1,Outlier
yWd96fro31M,-1,Outlier
yWLCto4p_yM,12,meditation / technique / practice
YwM3brudU6w,-1,Outlier
YXKoAaBQezU,-1,Outlier
yYBzNQGiHp8,-1,Outlier
Yyw2sXiptTg,18,anxiety / panic / attack
YZk_OncFYu0,12,meditation / technique / practice
yzlBKk_ARjk,8,interaction / extrovert / introvert
YZOpOS-rrXQ,-1,Outlier
YZpJ5oiOJBY,0,motivation / job / brain
Z0cImkA_eV4,7,depression / therapist / therapy
Z0TanAMa_cA,-1,Outlier
Z1NlyTN5ViU,8,interaction / extrovert / introvert
z1ZQ70jQwz4,12,meditation / technique / practice
z2_0JtSfadw,27,vision / contact / introvert
Z2ljUOck2bA,-1,Outlier
Z2-WRX0BdqM,-1,Outlier
Z3cgPDFN7Qc,13,comparison / insecurity / ego
z3J1pCgO6zg,8,interaction / extrovert / introvert
z4-LCiO2NNk,-1,Outlier
Z4P40hzv7OI,-1,Outlier
z59CGCaRpEg,7,depression / therapist / therapy
z5hsTGzYk4s,3,trauma / anger / emotion
z64O_jbQF9Q,22,psychosis / chatbot / risk
Z6y59dMHQcA,2,game / dopamine / brain
Z95sgXx4rwE,10,addiction / substance / cannabis
z9AG7LsuVyU,2,game / dopamine / brain
_z9jJFq3Hz0,-1,Outlier
z9NHG3ITA6k,10,addiction / substance / cannabis
z9uS1peB_v0,15,pornography / porn / addiction
Z9_wJLQDa-A,14,burnout / employee / job
zBgCRJluWTc,-1,Outlier
zBLCejHG0YY,-1,Outlier
zBy7EPCWBUg,-1,Outlier
zCKxgx0T_s4,5,adhd / brain / medication
zd7efB-WexU,6,gender / dude / emotion
Zeb01BKX5O8,3,trauma / anger / emotion
zEcAUMbGgsw,3,trauma / anger / emotion
zeEZd5IJkx0,-1,Outlier
zEInSm_7Ccg,-1,Outlier
ZePeGr_IMos,3,trauma / anger / emotion
zeUwxY8QM6E,0,motivation / job / brain
zFfED-M0FcU,7,depression / therapist / therapy
zfU-07duCHI,14,burnout / employee / job
zfxl2y7q3SA,-1,Outlier
zgfilIehooE,8,interaction / extrovert / introvert
ZGLeVSYRL5o,11,sleep / bed / caffeine
ZGo-za5YmsY,3,trauma / anger / emotion
zh9r78Wd0kI,-1,Outlier
zHBilzHDl_Y,-1,Outlier
zhDKyJM59TQ,-1,Outlier
zhTYa9OiJ10,5,adhd / brain / medication
ZIH9sGnY72M,-1,Outlier
ZJ5Ius0uasY,-1,Outlier
zJ79HXyKzyM,10,addiction / substance / cannabis
_zjPKd_y8Iw,1,game / dad / friend
ZKNRXuZWYYg,-1,Outlier
ZkRGg-jY44k,1,game / dad / friend
zktbKbbqGvE,7,depression / therapist / therapy
ZlF6hjRjpT4,19,hour / work / technology
zM-J9_ddpDA,1,game / dad / friend
zn8vtW7Vaz4,-1,Outlier
Zo3vcGS8YWc,-1,Outlier
zot5A2ZFQCo,2,game / dopamine / brain
-zPhkUDoLYk,-1,Outlier
ZpmgTBc53vI,-1,Outlier
ZpZvAalAYI0,19,hour / work / technology
Zq1pkeubExs,3,trauma / anger / emotion
zQjeHBpaDz0,18,anxiety / panic / attack
zQZlvEaGW7E,-1,Outlier
ZR6nZwW7AAk,-1,Outlier
Zrm63LwN03w,-1,Outlier
ZrZHCl7O-ew,-1,Outlier
zSp7bLNEK-s,3,trauma / anger / emotion
zT661Wj83JY,0,motivation / job / brain
ZtnqqnKE4GM,-1,Outlier
ztoA0NpguT0,0,motivation / job / brain
zTQth_CeOQg,11,sleep / bed / caffeine
Ztw6V59x68Q,27,vision / contact / introvert
ZugwNSayAK8,18,anxiety / panic / attack
Zv8JdXIHquk,-1,Outlier
ZvUDY8Sr4ac,10,addiction / substance / cannabis
ZvYSHl52XWg,14,burnout / employee / job
ZvZLbU3WtuU,-1,Outlier
ZWKByRIDdMQ,6,gender / dude / emotion
ZWScHObePqk,-1,Outlier
zxc3cF2Pifw,-1,Outlier
ZXiefU56gPE,24,generation / formula / despair
ZxPi2puIrzY,10,addiction / substance / cannabis
ZXsuvceD-Ow,1,game / dad / friend
Zy_kL5BZI4g,25,bully / aggression / bullying
ZYOfFk8zZW8,-1,Outlier
ZYR8oNGEt0s,11,sleep / bed / caffeine
ZZApD94HtwQ,2,game / dopamine / brain
zzemS-WPhMY,-1,Outlier
-ZZg5l3lcAk,0,motivation / job / brain
ZzRGEPw8MVE,1,game / dad / friend
